4date, time, error_type, function
2021/09/01, 22:05:39, already_in_channel, invite_action
2021/09/02, 04:20:41, already_in_channel, invite_action
2021/09/06, 01:22:16+09:00:00, invalid_arguments, command_execution
2021/09/08, 05:20:09+09:00:00, invalid_arguments, command_execution
2021/09/08, 05:20:09+09:00:00, invalid_arguments, command_execution
2021/09/09, 08:38:54+09:00:00, invalid_arguments, command_execution
2021/09/09, 08:38:54+09:00:00, invalid_arguments, command_execution
2021/09/09, 08:38:54+09:00:00, invalid_arguments, command_execution
2021/09/09, 17:26:23+09:00:00, hash_conflict, function_selected
2021/09/09, 17:26:23+09:00:00, hash_conflict, function_selected
2021/09/09, 17:26:23+09:00:00, hash_conflict, function_selected
2021/09/09, 18:09:01+09:00:00, invalid_arguments, command_execution
2021/09/10, 11:45:04+09:00:00, invalid_arguments, command_execution
2021/09/10, 12:22:30+09:00:00, invalid_arguments, command_execution
2021/09/10, 12:22:30+09:00:00, invalid_arguments, command_execution
2021/09/13, 13:02:00, already_in_channel, invite_action
2021/09/17, 01:54:09, already_in_channel, invite_action
2021/09/17, 01:55:32, already_in_channel, invite_action
2021/09/17, 08:27:59+09:00:00, invalid_arguments, command_execution
2021/09/29, 08:14:24+09:00:00, invalid_arguments, command_execution
2021/12/29, 12:09:25+09:00:00, expired_trigger_id, command_execution
2021/12/29, 12:28:07+09:00:00, expired_trigger_id, command_execution
2021/12/29, 12:28:07+09:00:00, expired_trigger_id, command_execution
2021/12/29, 13:19:23, already_in_channel, invite_action
2021/12/29, 13:19:23, already_in_channel, invite_action
2021/12/29, 13:19:23, already_in_channel, invite_action
2021/12/29, 13:19:23, already_in_channel, invite_action
2021/12/29, 13:19:31, already_in_channel, invite_action
2021/12/29, 13:19:35, already_in_channel, invite_action
2021/12/29, 16:34:57, already_in_channel, invite_action
2021/12/29, 16:34:57, already_in_channel, invite_action
2021/12/30, 00:32:59, already_in_channel, invite_action
2021/12/30, 00:32:59, already_in_channel, invite_action
2021/12/30, 02:00:56, already_in_channel, invite_action
2021/12/30, 02:00:56, already_in_channel, invite_action
2021/12/30, 02:00:56, already_in_channel, invite_action
2021/12/30, 02:00:56, already_in_channel, invite_action
2021/12/30, 02:01:17, already_in_channel, invite_action
2021/12/30, 02:01:25, already_in_channel, invite_action
2022/01/07, 01:41:58+09:00:00, expired_trigger_id, command_execution
2022/01/07, 01:49:23, not_in_channel, invite_action
2022/01/07, 01:49:23, not_in_channel, invite_action
2022/01/07, 01:49:26, not_in_channel, invite_action
2022/01/07, 01:49:30, not_in_channel, invite_action
2022/01/07, 01:49:35, not_in_channel, invite_action
2022/01/07, 01:49:37, not_in_channel, invite_action
2022/01/07, 01:50:45, not_in_channel, invite_action
2022/01/07, 01:50:46, not_in_channel, invite_action
2022/01/07, 01:50:47, not_in_channel, invite_action
2022/01/07, 01:50:48, not_in_channel, invite_action
2022/01/07, 01:50:49, not_in_channel, invite_action
2022/01/07, 01:50:53, not_in_channel, invite_action
2022/01/07, 01:50:56, not_in_channel, invite_action
2022/01/07, 01:51:07, not_in_channel, invite_action
2022/01/07, 01:51:38+09:00:00, not_in_channel, make
2022/01/07, 01:51:38, not_in_channel, invite_action
2022/01/07, 01:51:45+09:00:00, not_in_channel, make
2022/01/07, 01:56:10, not_in_channel, invite_action
2022/01/07, 02:01:03, not_in_channel, invite_action
2022/01/07, 02:01:19, not_in_channel, invite_action
2022/01/07, 02:20:05, not_in_channel, invite_action
2022/01/07, 09:36:27, not_in_channel, invite_action
2022/01/09, 12:30:35, already_in_channel, invite_action
2022/01/09, 12:30:35, already_in_channel, invite_action
2022/01/09, 15:53:41, not_in_channel, invite_action
2022/01/10, 06:39:08+09:00:00, expired_trigger_id, command_execution
2022/01/10, 12:41:01, already_in_channel, invite_action
2022/01/10, 12:41:01, already_in_channel, invite_action
2022/01/11, 01:58:22, not_in_channel, invite_action
2022/01/11, 01:58:22, not_in_channel, invite_action
2022/01/13, 06:06:27, not_in_channel, invite_action
2022/01/13, 06:10:05, not_in_channel, invite_action
2022/01/13, 06:32:51, already_in_channel, invite_action
2022/01/14, 02:50:37, not_in_channel, invite_action
2022/01/18, 01:34:53+09:00:00, expired_trigger_id, command_execution
2022/01/18, 01:34:53+09:00:00, expired_trigger_id, command_execution
2022/01/18, 01:37:08+09:00:00, not_in_channel, make
2022/01/18, 01:37:14+09:00:00, not_in_channel, make
2022/01/18, 01:37:19+09:00:00, not_in_channel, make
2022/01/18, 01:37:25+09:00:00, not_in_channel, make
2022/01/18, 01:38:02+09:00:00, not_in_channel, make
2022/01/18, 01:38:05+09:00:00, not_in_channel, make
2022/01/18, 01:38:13+09:00:00, not_in_channel, make
2022/01/18, 01:38:17+09:00:00, not_in_channel, make
2022/01/18, 01:38:45+09:00:00, not_in_channel, make
2022/01/18, 01:38:51+09:00:00, not_in_channel, make
2022/01/18, 01:40:14+09:00:00, not_in_channel, make
2022/01/18, 01:40:21+09:00:00, not_in_channel, make
2022/01/18, 01:40:23+09:00:00, not_in_channel, make
2022/01/18, 01:40:24+09:00:00, not_in_channel, make
2022/01/18, 01:40:25+09:00:00, not_in_channel, make
2022/01/18, 01:40:26+09:00:00, not_in_channel, make
2022/01/18, 01:40:27+09:00:00, not_in_channel, make
2022/01/18, 01:40:37+09:00:00, not_in_channel, make
2022/01/18, 01:40:48+09:00:00, not_in_channel, make
2022/01/18, 01:40:49+09:00:00, not_in_channel, make
2022/01/18, 01:40:51+09:00:00, not_in_channel, make
2022/01/18, 01:47:06, already_in_channel, invite_action
2022/01/18, 01:47:08, already_in_channel, invite_action
2022/01/18, 01:48:22, already_in_channel, invite_action
2022/01/18, 01:48:31, already_in_channel, invite_action
2022/01/18, 01:49:21, already_in_channel, invite_action
2022/01/18, 01:50:00, already_in_channel, invite_action
2022/01/18, 01:50:52, already_in_channel, invite_action
2022/01/18, 01:50:58, already_in_channel, invite_action
2022/01/18, 01:55:50+09:00:00, channel_not_found, kick
2022/01/18, 01:55:55+09:00:00, channel_not_found, kick
2022/01/18, 01:56:01+09:00:00, channel_not_found, kick
2022/01/18, 01:56:02+09:00:00, channel_not_found, kick
2022/01/18, 02:06:17, already_in_channel, invite_action
2022/01/18, 02:10:14, already_in_channel, invite_action
2022/01/18, 02:26:31, already_in_channel, invite_action
2022/01/18, 02:27:18, already_in_channel, invite_action
2022/01/18, 02:27:20, already_in_channel, invite_action
2022/01/18, 02:27:22, already_in_channel, invite_action
2022/01/18, 02:33:57, already_in_channel, invite_action
2022/01/18, 02:34:01, already_in_channel, invite_action
2022/01/18, 02:37:56, already_in_channel, invite_action
2022/01/18, 02:38:05, already_in_channel, invite_action
2022/01/18, 02:38:06, already_in_channel, invite_action
2022/01/18, 02:38:22, already_in_channel, invite_action
2022/01/18, 02:38:25, already_in_channel, invite_action
2022/01/18, 02:38:30, already_in_channel, invite_action
2022/01/18, 02:38:41, already_in_channel, invite_action
2022/01/18, 02:38:42, already_in_channel, invite_action
2022/01/18, 02:38:44, already_in_channel, invite_action
2022/01/18, 02:38:45, already_in_channel, invite_action
2022/01/18, 02:38:46, already_in_channel, invite_action
2022/01/18, 02:38:47, already_in_channel, invite_action
2022/01/18, 02:38:48, already_in_channel, invite_action
2022/01/18, 02:38:49, already_in_channel, invite_action
2022/01/18, 02:38:50, already_in_channel, invite_action
2022/01/18, 02:38:56, already_in_channel, invite_action
2022/01/18, 02:38:57, already_in_channel, invite_action
2022/01/18, 02:38:57, already_in_channel, invite_action
2022/01/18, 02:38:58, already_in_channel, invite_action
2022/01/18, 02:39:03, already_in_channel, invite_action
2022/01/18, 02:39:47, already_in_channel, invite_action
2022/01/18, 02:42:57, already_in_channel, invite_action
2022/01/18, 02:43:00, already_in_channel, invite_action
2022/01/18, 02:43:16, already_in_channel, invite_action
2022/01/18, 03:00:15, already_in_channel, invite_action
2022/01/18, 03:00:19, already_in_channel, invite_action
2022/01/18, 03:25:47, already_in_channel, invite_action
2022/01/18, 03:26:14, already_in_channel, invite_action
2022/01/18, 03:41:07, already_in_channel, invite_action
2022/01/18, 03:41:32, already_in_channel, invite_action
2022/01/18, 03:41:33, already_in_channel, invite_action
2022/01/18, 05:38:53, already_in_channel, invite_action
2022/01/18, 05:38:53, already_in_channel, invite_action
2022/01/18, 05:38:53, already_in_channel, invite_action
2022/01/18, 06:36:59, already_in_channel, invite_action
2022/01/18, 06:50:12, already_in_channel, invite_action
2022/01/18, 06:50:13, already_in_channel, invite_action
2022/01/18, 06:50:14, already_in_channel, invite_action
2022/01/18, 06:50:16, already_in_channel, invite_action
2022/01/18, 06:50:17, already_in_channel, invite_action
2022/01/18, 08:38:30, already_in_channel, invite_action
2022/01/18, 08:38:30, already_in_channel, invite_action
2022/01/18, 08:38:36, already_in_channel, invite_action
2022/01/18, 10:57:17, already_in_channel, invite_action
2022/01/18, 15:05:12, already_in_channel, invite_action
2022/01/18, 18:30:53, already_in_channel, invite_action
2022/01/19, 00:51:01, already_in_channel, invite_action
2022/01/19, 04:46:42, already_in_channel, invite_action
2022/01/19, 04:46:48, already_in_channel, invite_action
2022/01/19, 04:46:49, already_in_channel, invite_action
2022/01/19, 04:46:50, already_in_channel, invite_action
2022/01/19, 04:48:04, already_in_channel, invite_action
2022/01/20, 00:09:38, already_in_channel, invite_action
2022/01/20, 06:01:49, already_in_channel, invite_action
2022/01/29, 09:48:47, already_in_channel, invite_action
2022/01/29, 09:51:20, already_in_channel, invite_action
2022/01/29, 19:10:57, already_in_channel, invite_action
2022/01/30, 23:22:28, already_in_channel, invite_action
2022/01/30, 23:22:29, already_in_channel, invite_action
2022/01/30, 23:22:31, already_in_channel, invite_action
2022/01/30, 23:22:32, already_in_channel, invite_action
2022/01/30, 23:22:33, already_in_channel, invite_action
2022/01/30, 23:22:34, already_in_channel, invite_action
2022/01/30, 23:22:36, already_in_channel, invite_action
2022/01/30, 23:22:37, already_in_channel, invite_action
2022/01/30, 23:22:37, already_in_channel, invite_action
2022/01/30, 23:22:39, already_in_channel, invite_action
2022/01/30, 23:22:39, already_in_channel, invite_action
2022/01/30, 23:22:41, already_in_channel, invite_action
2022/01/30, 23:34:42, not_in_channel, invite_action
2022/01/30, 23:53:37, already_in_channel, invite_action
2022/01/31, 00:13:04, already_in_channel, invite_action
2022/01/31, 00:13:07, already_in_channel, invite_action
2022/01/31, 00:13:08, already_in_channel, invite_action
2022/01/31, 00:13:21, already_in_channel, invite_action
2022/01/31, 00:13:22, already_in_channel, invite_action
2022/01/31, 01:17:31, already_in_channel, invite_action
2022/01/31, 01:17:31, already_in_channel, invite_action
2022/01/31, 01:37:58, not_in_channel, invite_action
2022/01/31, 01:39:27, already_in_channel, invite_action
2022/01/31, 01:54:11, already_in_channel, invite_action
2022/01/31, 01:54:11, already_in_channel, invite_action
2022/01/31, 02:12:13, already_in_channel, invite_action
2022/01/31, 02:21:28, already_in_channel, invite_action
2022/01/31, 02:49:15, already_in_channel, invite_action
2022/01/31, 02:49:40, already_in_channel, invite_action
2022/01/31, 02:49:45, already_in_channel, invite_action
2022/01/31, 02:49:47, already_in_channel, invite_action
2022/01/31, 02:49:53, already_in_channel, invite_action
2022/01/31, 02:49:53, already_in_channel, invite_action
2022/01/31, 02:49:54, already_in_channel, invite_action
2022/01/31, 02:49:55, already_in_channel, invite_action
2022/01/31, 02:49:55, already_in_channel, invite_action
2022/01/31, 02:50:46, already_in_channel, invite_action
2022/01/31, 02:50:47, already_in_channel, invite_action
2022/01/31, 02:50:48, already_in_channel, invite_action
2022/01/31, 02:50:49, already_in_channel, invite_action
2022/01/31, 02:50:50, already_in_channel, invite_action
2022/01/31, 02:50:51, already_in_channel, invite_action
2022/01/31, 02:51:00, already_in_channel, invite_action
2022/01/31, 03:05:39, already_in_channel, invite_action
2022/01/31, 03:05:39, already_in_channel, invite_action
2022/01/31, 03:12:34, already_in_channel, invite_action
2022/01/31, 03:12:36, already_in_channel, invite_action
2022/01/31, 03:14:00, already_in_channel, invite_action
2022/01/31, 03:45:36, already_in_channel, invite_action
2022/01/31, 04:08:11, already_in_channel, invite_action
2022/01/31, 05:03:10, already_in_channel, invite_action
2022/01/31, 05:03:10, already_in_channel, invite_action
2022/01/31, 05:03:10, already_in_channel, invite_action
2022/01/31, 05:03:10, already_in_channel, invite_action
2022/01/31, 05:03:10, already_in_channel, invite_action
2022/01/31, 05:10:36, already_in_channel, invite_action
2022/01/31, 05:32:46, already_in_channel, invite_action
2022/01/31, 05:43:14, not_in_channel, invite_action
2022/01/31, 05:43:33, already_in_channel, invite_action
2022/01/31, 06:21:04, already_in_channel, invite_action
2022/01/31, 08:19:25, already_in_channel, invite_action
2022/01/31, 08:19:41, already_in_channel, invite_action
2022/01/31, 08:20:03, already_in_channel, invite_action
2022/01/31, 08:20:16, already_in_channel, invite_action
2022/01/31, 08:20:22, already_in_channel, invite_action
2022/01/31, 08:20:50, already_in_channel, invite_action
2022/01/31, 08:20:52, already_in_channel, invite_action
2022/01/31, 08:23:02, already_in_channel, invite_action
2022/01/31, 08:23:36, already_in_channel, invite_action
2022/02/01, 02:25:28, already_in_channel, invite_action
2022/02/01, 02:25:28, already_in_channel, invite_action
2022/02/01, 02:25:37, already_in_channel, invite_action
2022/02/01, 02:25:42, already_in_channel, invite_action
2022/02/01, 16:30:38, already_in_channel, invite_action
2022/02/02, 06:07:11, already_in_channel, invite_action
2022/02/02, 11:49:22, already_in_channel, invite_action
2022/02/02, 11:49:37, already_in_channel, invite_action
2022/02/02, 14:08:51, already_in_channel, invite_action
2022/02/02, 14:08:57, already_in_channel, invite_action
2022/02/02, 14:09:09, already_in_channel, invite_action
2022/02/02, 14:34:30, already_in_channel, invite_action
2022/02/04, 12:47:45, not_in_channel, invite_action
2022/05/17, 02:52:10+09:00:00, expired_trigger_id, command_execution
2022/05/23, 12:25:20+09:00:00, channel_not_found, kick
2022/05/23, 12:25:23+09:00:00, channel_not_found, kick
2022/05/23, 12:25:26+09:00:00, channel_not_found, kick
2022/05/23, 12:25:27+09:00:00, channel_not_found, kick
2022/05/23, 12:25:28+09:00:00, channel_not_found, kick
2022/05/23, 12:25:29+09:00:00, channel_not_found, kick
2022/05/23, 12:25:30+09:00:00, channel_not_found, kick
2022/05/23, 12:25:31+09:00:00, channel_not_found, kick
2022/05/24, 02:13:53+09:00:00, expired_trigger_id, command_execution
2022/05/24, 02:13:53+09:00:00, expired_trigger_id, command_execution
2022/05/24, 02:16:01+09:00:00, channel_not_found, kick
2022/05/24, 02:16:08+09:00:00, channel_not_found, kick
2022/05/24, 02:16:09+09:00:00, channel_not_found, kick
2022/05/24, 02:16:40+09:00:00, channel_not_found, kick
2022/05/24, 02:18:07+09:00:00, channel_not_found, kick
2022/05/24, 03:02:18+09:00:00, expired_trigger_id, command_execution
2022/05/24, 03:02:18+09:00:00, expired_trigger_id, command_execution
2022/05/24, 03:08:28+09:00:00, channel_not_found, kick
2022/05/24, 03:08:30+09:00:00, channel_not_found, kick
2022/05/24, 03:08:42+09:00:00, channel_not_found, kick
2022/05/24, 03:08:43+09:00:00, channel_not_found, kick
2022/05/24, 03:09:28+09:00:00, channel_not_found, kick
2022/05/24, 03:09:29+09:00:00, channel_not_found, kick
2022/05/24, 03:09:30+09:00:00, channel_not_found, kick
2022/05/26, 04:16:12+09:00:00, channel_not_found, kick
2022/05/26, 04:16:14+09:00:00, channel_not_found, kick
2022/05/26, 04:16:15+09:00:00, channel_not_found, kick
2022/05/26, 04:16:19+09:00:00, channel_not_found, kick
2022/05/26, 04:16:20+09:00:00, channel_not_found, kick
2022/05/26, 04:16:21+09:00:00, channel_not_found, kick
2022/05/26, 04:16:22+09:00:00, channel_not_found, kick
2022/05/26, 04:16:51+09:00:00, channel_not_found, kick
2022/05/26, 04:16:52+09:00:00, channel_not_found, kick
2022/05/26, 04:16:53+09:00:00, channel_not_found, kick
2022/05/26, 04:16:54+09:00:00, channel_not_found, kick
2022/05/26, 04:16:55+09:00:00, channel_not_found, kick
2022/05/26, 04:16:56+09:00:00, channel_not_found, kick
2022/05/26, 04:16:57+09:00:00, channel_not_found, kick
2022/05/26, 04:16:57+09:00:00, channel_not_found, kick
2022/05/26, 04:16:58+09:00:00, channel_not_found, kick
2022/05/26, 04:16:59+09:00:00, channel_not_found, kick
2022/05/26, 04:17:01+09:00:00, channel_not_found, kick
2022/05/26, 04:17:02+09:00:00, channel_not_found, kick
2022/05/26, 04:17:03+09:00:00, channel_not_found, kick
2022/05/26, 04:17:03+09:00:00, channel_not_found, kick
2022/05/26, 04:17:18+09:00:00, channel_not_found, kick
2022/05/26, 04:17:19+09:00:00, channel_not_found, kick
2022/05/26, 04:17:20+09:00:00, channel_not_found, kick
2022/05/26, 04:17:21+09:00:00, channel_not_found, kick
2022/05/26, 04:17:22+09:00:00, channel_not_found, kick
2022/05/26, 04:17:24+09:00:00, channel_not_found, kick
2022/05/26, 04:17:25+09:00:00, channel_not_found, kick
2022/05/26, 04:17:26+09:00:00, channel_not_found, kick
2022/05/26, 04:17:27+09:00:00, channel_not_found, kick
2022/05/26, 04:17:28+09:00:00, channel_not_found, kick
2022/06/03, 06:09:05, is_archived, invite_action
2022/06/03, 06:09:05, is_archived, invite_action
2022/06/08, 22:10:27, is_archived, invite_action
2022/06/08, 22:10:27, is_archived, invite_action
2022/06/08, 22:10:33, already_in_channel, invite_action
2022/06/08, 22:11:10, already_in_channel, invite_action
2022/06/09, 07:16:41, already_in_channel, invite_action
2022/06/09, 07:16:43, already_in_channel, invite_action
2022/06/09, 07:16:59, already_in_channel, invite_action
2022/06/09, 07:17:35, already_in_channel, invite_action
2022/06/09, 07:22:09, already_in_channel, invite_action
2022/06/09, 07:22:16, already_in_channel, invite_action
2022/06/09, 07:22:26, already_in_channel, invite_action
2022/06/09, 07:22:37, already_in_channel, invite_action
2022/06/14, 02:39:11+09:00:00, expired_trigger_id, command_execution
2022/06/14, 02:39:11+09:00:00, expired_trigger_id, command_execution
2022/06/14, 02:44:11+09:00:00, expired_trigger_id, command_execution
2022/06/14, 04:32:47+09:00:00, expired_trigger_id, command_execution
2022/06/14, 04:34:29, channel_not_found, global
2022/06/14, 04:34:36, channel_not_found, global
2022/06/14, 06:56:25+09:00:00, expired_trigger_id, command_execution
2022/06/14, 07:10:45+09:00:00, expired_trigger_id, command_execution
2022/06/15, 10:45:49+09:00:00, expired_trigger_id, command_execution
2022/06/15, 10:45:49+09:00:00, expired_trigger_id, command_execution
2022/06/15, 17:24:55+09:00:00, expired_trigger_id, command_execution
2022/06/15, 17:30:09+09:00:00, channel_not_found, make
2022/06/15, 17:30:28+09:00:00, channel_not_found, make
2022/06/15, 17:30:32+09:00:00, channel_not_found, make
2022/06/15, 17:31:05+09:00:00, channel_not_found, make
2022/06/15, 17:31:07+09:00:00, channel_not_found, make
2022/06/15, 17:31:11+09:00:00, channel_not_found, make
2022/06/15, 17:31:12+09:00:00, channel_not_found, make
2022/06/15, 17:36:16+09:00:00, channel_not_found, make
2022/06/15, 17:36:26+09:00:00, channel_not_found, make
2022/06/15, 17:36:28+09:00:00, channel_not_found, make
2022/06/15, 17:36:29+09:00:00, channel_not_found, make
2022/06/15, 17:36:30+09:00:00, channel_not_found, make
2022/06/15, 17:36:31+09:00:00, channel_not_found, make
2022/06/15, 17:36:32+09:00:00, channel_not_found, make
2022/06/15, 17:36:32+09:00:00, channel_not_found, make
2022/06/15, 17:36:33+09:00:00, channel_not_found, make
2022/06/15, 17:36:33+09:00:00, channel_not_found, make
2022/06/15, 17:36:35+09:00:00, channel_not_found, make
2022/06/15, 22:13:39+09:00:00, expired_trigger_id, command_execution
2022/06/15, 22:13:39+09:00:00, expired_trigger_id, command_execution
2022/06/15, 22:15:56+09:00:00, channel_not_found, make
2022/06/15, 22:16:02+09:00:00, channel_not_found, make
2022/06/15, 22:16:16+09:00:00, channel_not_found, make
2022/06/15, 22:16:19+09:00:00, channel_not_found, make
2022/06/15, 22:16:22+09:00:00, channel_not_found, make
2022/06/15, 22:16:23+09:00:00, channel_not_found, make
2022/06/15, 22:16:30+09:00:00, channel_not_found, make
2022/06/15, 22:16:31+09:00:00, channel_not_found, make
2022/06/15, 22:16:44+09:00:00, channel_not_found, make
2022/06/15, 22:16:49+09:00:00, channel_not_found, make
2022/06/15, 22:16:50+09:00:00, channel_not_found, make
2022/06/15, 22:16:51+09:00:00, channel_not_found, make
2022/06/15, 22:16:57+09:00:00, channel_not_found, make
2022/06/15, 22:17:57+09:00:00, channel_not_found, make
2022/06/15, 22:18:07+09:00:00, channel_not_found, make
2022/06/15, 22:18:20+09:00:00, channel_not_found, make
2022/06/15, 22:18:21+09:00:00, channel_not_found, make
2022/06/15, 22:18:26+09:00:00, channel_not_found, make
2022/06/15, 22:18:28+09:00:00, channel_not_found, make
2022/06/15, 22:18:40+09:00:00, channel_not_found, make
2022/06/15, 22:23:06+09:00:00, channel_not_found, make
2022/06/15, 22:23:09+09:00:00, channel_not_found, make
2022/06/15, 22:23:11+09:00:00, channel_not_found, make
2022/06/15, 22:23:16+09:00:00, channel_not_found, make
2022/06/15, 22:23:17+09:00:00, channel_not_found, make
2022/06/15, 23:17:32+09:00:00, expired_trigger_id, command_execution
2022/06/15, 23:58:22+09:00:00, expired_trigger_id, command_execution
2022/06/15, 23:58:38+09:00:00, channel_not_found, kick
2022/06/15, 23:58:42+09:00:00, channel_not_found, kick
2022/06/15, 23:58:44+09:00:00, channel_not_found, kick
2022/06/15, 23:58:45+09:00:00, channel_not_found, kick
2022/06/15, 23:58:48+09:00:00, channel_not_found, kick
2022/06/15, 23:58:49+09:00:00, channel_not_found, kick
2022/06/15, 23:58:50+09:00:00, channel_not_found, kick
2022/06/15, 23:58:52+09:00:00, channel_not_found, kick
2022/06/15, 23:59:37+09:00:00, channel_not_found, kick
2022/06/15, 23:59:39+09:00:00, channel_not_found, kick
2022/06/15, 23:59:43+09:00:00, channel_not_found, kick
2022/06/15, 23:59:45+09:00:00, channel_not_found, kick
2022/06/15, 23:59:47+09:00:00, channel_not_found, kick
2022/06/15, 23:59:54+09:00:00, channel_not_found, kick
2022/06/15, 23:59:54+09:00:00, channel_not_found, kick
2022/06/15, 23:59:55+09:00:00, channel_not_found, kick
2022/06/15, 23:59:57+09:00:00, channel_not_found, kick
2022/06/15, 23:59:58+09:00:00, channel_not_found, kick
2022/06/15, 23:59:59+09:00:00, channel_not_found, kick
2022/06/16, 00:00:00+09:00:00, channel_not_found, kick
2022/06/16, 00:00:01+09:00:00, channel_not_found, kick
2022/06/16, 00:00:04+09:00:00, channel_not_found, kick
2022/06/16, 00:14:41+09:00:00, expired_trigger_id, command_execution
2022/06/16, 00:14:41+09:00:00, expired_trigger_id, command_execution
2022/06/16, 00:14:41+09:00:00, expired_trigger_id, command_execution
2022/06/16, 00:14:41+09:00:00, expired_trigger_id, command_execution
2022/06/16, 00:29:27+09:00:00, expired_trigger_id, command_execution
2022/06/16, 02:28:05+09:00:00, expired_trigger_id, command_execution
2022/06/16, 02:35:24+09:00:00, channel_not_found, make
2022/06/16, 02:35:27+09:00:00, channel_not_found, make
2022/06/16, 02:42:03+09:00:00, channel_not_found, make
2022/06/16, 02:42:35+09:00:00, channel_not_found, make
2022/06/16, 03:14:30+09:00:00, expired_trigger_id, command_execution
2022/06/16, 05:14:26+09:00:00, expired_trigger_id, command_execution
2022/06/16, 05:17:57, already_in_channel, invite_action
2022/06/16, 05:18:07, already_in_channel, invite_action
2022/06/16, 05:18:32, already_in_channel, invite_action
2022/06/16, 05:20:21+09:00:00, channel_not_found, make_url
2022/06/16, 05:20:24+09:00:00, channel_not_found, make_url
2022/06/16, 05:20:29+09:00:00, channel_not_found, make_url
2022/06/16, 05:20:35+09:00:00, channel_not_found, make_url
2022/06/16, 05:32:38, already_in_channel, invite_action
2022/06/16, 05:34:15, not_in_channel, invite_action
2022/06/16, 05:34:18, not_in_channel, invite_action
2022/06/16, 05:34:35, not_in_channel, invite_action
2022/06/16, 05:34:39, not_in_channel, invite_action
2022/06/16, 05:38:08, not_in_channel, invite_action
2022/06/16, 05:39:50, not_in_channel, invite_action
2022/06/16, 05:42:53, not_in_channel, invite_action
2022/06/16, 05:43:18, not_in_channel, invite_action
2022/06/16, 05:43:24, not_in_channel, invite_action
2022/06/16, 05:43:43, not_in_channel, invite_action
2022/06/16, 05:44:43, not_in_channel, invite_action
2022/06/16, 05:44:45, not_in_channel, invite_action
2022/06/16, 05:44:46, not_in_channel, invite_action
2022/06/16, 05:44:46, not_in_channel, invite_action
2022/06/16, 05:44:47, not_in_channel, invite_action
2022/06/16, 05:44:48, not_in_channel, invite_action
2022/06/16, 05:44:48, not_in_channel, invite_action
2022/06/16, 05:44:49, not_in_channel, invite_action
2022/06/16, 05:44:50, not_in_channel, invite_action
2022/06/16, 05:52:27, already_in_channel, invite_action
2022/06/16, 05:53:27, already_in_channel, invite_action
2022/06/16, 05:53:29, already_in_channel, invite_action
2022/06/16, 05:53:48, already_in_channel, invite_action
2022/06/16, 05:53:49, already_in_channel, invite_action
2022/06/16, 05:54:00, already_in_channel, invite_action
2022/06/16, 05:54:02, already_in_channel, invite_action
2022/06/16, 05:54:03, already_in_channel, invite_action
2022/06/16, 05:54:05, already_in_channel, invite_action
2022/06/16, 05:55:23, not_in_channel, invite_action
2022/06/16, 05:56:56, already_in_channel, invite_action
2022/06/16, 05:57:02, not_in_channel, invite_action
2022/06/16, 05:57:03, not_in_channel, invite_action
2022/06/16, 05:57:41, already_in_channel, invite_action
2022/06/16, 05:58:34, not_in_channel, invite_action
2022/06/16, 05:58:37, already_in_channel, invite_action
2022/06/16, 06:03:46, already_in_channel, invite_action
2022/06/16, 06:09:24, not_in_channel, invite_action
2022/06/16, 06:09:31, not_in_channel, invite_action
2022/06/16, 06:22:15, already_in_channel, invite_action
2022/06/16, 06:53:04+09:00:00, expired_trigger_id, command_execution
2022/06/16, 06:53:04+09:00:00, expired_trigger_id, command_execution
2022/06/16, 07:10:12, already_in_channel, invite_action
2022/06/16, 07:10:14, already_in_channel, invite_action
2022/06/16, 07:17:17, already_in_channel, invite_action
2022/06/16, 07:20:04, already_in_channel, invite_action
2022/06/16, 07:43:53, already_in_channel, invite_action
2022/06/16, 08:22:07, not_in_channel, invite_action
2022/06/16, 08:22:34, not_in_channel, invite_action
2022/06/16, 08:39:34, already_in_channel, invite_action
2022/06/16, 08:39:35, already_in_channel, invite_action
2022/06/16, 09:32:48+09:00:00, expired_trigger_id, command_execution
2022/06/16, 10:57:00, not_in_channel, invite_action
2022/06/16, 11:22:02, already_in_channel, invite_action
2022/06/16, 11:53:43, not_in_channel, invite_action
2022/06/16, 11:53:49, not_in_channel, invite_action
2022/06/16, 11:54:25, already_in_channel, invite_action
2022/06/16, 12:06:02, not_in_channel, invite_action
2022/06/16, 12:06:04, not_in_channel, invite_action
2022/06/16, 12:14:02, already_in_channel, invite_action
2022/06/16, 12:45:30+09:00:00, expired_trigger_id, command_execution
2022/06/16, 12:47:20+09:00:00, not_in_channel, make
2022/06/16, 12:53:17, not_in_channel, invite_action
2022/06/16, 12:53:35, not_in_channel, invite_action
2022/06/16, 12:58:21, not_in_channel, invite_action
2022/06/16, 12:58:25, already_in_channel, invite_action
2022/06/16, 12:58:58, not_in_channel, invite_action
2022/06/16, 13:00:54, already_in_channel, invite_action
2022/06/16, 13:02:56, not_in_channel, invite_action
2022/06/16, 13:35:14, already_in_channel, invite_action
2022/06/16, 13:35:14, already_in_channel, invite_action
2022/06/16, 13:35:14, already_in_channel, invite_action
2022/06/16, 13:42:05, already_in_channel, invite_action
2022/06/16, 13:42:21, already_in_channel, invite_action
2022/06/16, 13:42:25, already_in_channel, invite_action
2022/06/16, 14:40:23, already_in_channel, invite_action
2022/06/16, 14:46:07, already_in_channel, invite_action
2022/06/16, 14:46:13, already_in_channel, invite_action
2022/06/16, 16:31:07, not_in_channel, invite_action
2022/06/16, 16:31:10, not_in_channel, invite_action
2022/06/16, 18:10:50, not_in_channel, invite_action
2022/06/16, 18:10:50, already_in_channel, invite_action
2022/06/16, 18:10:50, already_in_channel, invite_action
2022/06/16, 18:10:53, already_in_channel, invite_action
2022/06/16, 18:10:56, already_in_channel, invite_action
2022/06/16, 22:41:21+09:00:00, expired_trigger_id, command_execution
2022/06/16, 22:41:21+09:00:00, expired_trigger_id, command_execution
2022/06/17, 00:22:52, already_in_channel, invite_action
2022/06/17, 00:23:39, not_in_channel, invite_action
2022/06/17, 01:02:20, not_in_channel, invite_action
2022/06/17, 01:08:35+09:00:00, channel_not_found, make
2022/06/17, 01:08:40+09:00:00, channel_not_found, make
2022/06/17, 01:08:54+09:00:00, channel_not_found, make
2022/06/17, 01:09:05+09:00:00, channel_not_found, make
2022/06/17, 01:09:22+09:00:00, channel_not_found, make
2022/06/17, 01:09:25+09:00:00, channel_not_found, make
2022/06/17, 01:28:33, already_in_channel, invite_action
2022/06/17, 01:46:35, already_in_channel, invite_action
2022/06/17, 01:54:45, already_in_channel, invite_action
2022/06/17, 01:54:56, already_in_channel, invite_action
2022/06/17, 01:56:38, not_in_channel, invite_action
2022/06/17, 02:10:56, not_in_channel, invite_action
2022/06/17, 02:32:24+09:00:00, expired_trigger_id, command_execution
2022/06/17, 02:32:24+09:00:00, expired_trigger_id, command_execution
2022/06/17, 02:37:20, already_in_channel, invite_action
2022/06/17, 03:04:15, already_in_channel, invite_action
2022/06/17, 03:11:48, not_in_channel, invite_action
2022/06/17, 03:24:50, already_in_channel, invite_action
2022/06/17, 03:25:08, already_in_channel, invite_action
2022/06/17, 03:29:58, already_in_channel, invite_action
2022/06/17, 03:30:00, already_in_channel, invite_action
2022/06/17, 03:30:00, already_in_channel, invite_action
2022/06/17, 03:30:04, already_in_channel, invite_action
2022/06/17, 03:30:58, already_in_channel, invite_action
2022/06/17, 04:07:15, not_in_channel, invite_action
2022/06/17, 04:08:08, not_in_channel, invite_action
2022/06/17, 04:55:56+09:00:00, expired_trigger_id, command_execution
2022/06/17, 04:55:56+09:00:00, expired_trigger_id, command_execution
2022/06/17, 05:11:36+09:00:00, expired_trigger_id, command_execution
2022/06/17, 05:11:36+09:00:00, expired_trigger_id, command_execution
2022/06/17, 05:11:36+09:00:00, expired_trigger_id, command_execution
2022/06/17, 05:18:46, channel_not_found, global
2022/06/17, 05:18:52, channel_not_found, global
2022/06/17, 05:18:58, channel_not_found, global
2022/06/17, 05:19:56+09:00:00, channel_not_found, make
2022/06/17, 05:29:18, not_in_channel, invite_action
2022/06/17, 05:29:21, not_in_channel, invite_action
2022/06/17, 05:56:34, not_in_channel, invite_action
2022/06/17, 06:11:12, already_in_channel, invite_action
2022/06/17, 06:11:12, already_in_channel, invite_action
2022/06/17, 06:11:12, already_in_channel, invite_action
2022/06/17, 06:13:14, already_in_channel, invite_action
2022/06/17, 06:14:06, not_in_channel, invite_action
2022/06/17, 06:16:26, already_in_channel, invite_action
2022/06/17, 07:51:02, not_in_channel, invite_action
2022/06/17, 07:51:19, not_in_channel, invite_action
2022/06/17, 07:51:23, not_in_channel, invite_action
2022/06/17, 08:00:12, not_in_channel, invite_action
2022/06/17, 08:00:18, already_in_channel, invite_action
2022/06/17, 08:00:42, already_in_channel, invite_action
2022/06/17, 17:45:33, already_in_channel, invite_action
2022/06/18, 06:02:59, already_in_channel, invite_action
2022/06/18, 15:07:47, already_in_channel, invite_action
2022/06/18, 23:03:55, already_in_channel, invite_action
2022/06/18, 23:03:55, already_in_channel, invite_action
2022/06/18, 23:03:57, already_in_channel, invite_action
2022/06/18, 23:04:01, already_in_channel, invite_action
2022/06/19, 06:52:39, already_in_channel, invite_action
2022/06/19, 06:52:59+09:00:00, expired_trigger_id, command_execution
2022/06/19, 06:54:54, not_in_channel, invite_action
2022/06/19, 06:59:19, already_in_channel, invite_action
2022/06/19, 06:59:23, already_in_channel, invite_action
2022/06/19, 06:59:24, already_in_channel, invite_action
2022/06/19, 06:59:25, already_in_channel, invite_action
2022/06/19, 06:59:25, already_in_channel, invite_action
2022/06/19, 06:59:25, already_in_channel, invite_action
2022/06/19, 06:59:34, already_in_channel, invite_action
2022/06/19, 06:59:58, already_in_channel, invite_action
2022/06/19, 07:00:04, already_in_channel, invite_action
2022/06/19, 07:00:12, already_in_channel, invite_action
2022/06/19, 07:00:16, already_in_channel, invite_action
2022/06/19, 07:00:52, already_in_channel, invite_action
2022/06/19, 07:00:55, already_in_channel, invite_action
2022/06/19, 07:03:26, not_in_channel, invite_action
2022/06/19, 07:03:40, already_in_channel, invite_action
2022/06/19, 07:03:51, already_in_channel, invite_action
2022/06/19, 07:03:53, already_in_channel, invite_action
2022/06/19, 07:09:04, already_in_channel, invite_action
2022/06/19, 07:18:37, already_in_channel, invite_action
2022/06/19, 08:08:00, already_in_channel, invite_action
2022/06/19, 08:08:00, already_in_channel, invite_action
2022/06/19, 08:37:21, already_in_channel, invite_action
2022/06/19, 09:11:04, not_in_channel, invite_action
2022/06/19, 09:11:08, not_in_channel, invite_action
2022/06/19, 10:32:43, already_in_channel, invite_action
2022/06/19, 10:56:05, already_in_channel, invite_action
2022/06/19, 11:32:55, already_in_channel, invite_action
2022/06/19, 11:46:03, already_in_channel, invite_action
2022/06/19, 14:47:10, already_in_channel, invite_action
2022/06/19, 15:54:20, already_in_channel, invite_action
2022/06/19, 15:54:33, already_in_channel, invite_action
2022/06/19, 23:45:52, already_in_channel, invite_action
2022/06/20, 02:14:11, already_in_channel, invite_action
2022/06/20, 02:14:26, already_in_channel, invite_action
2022/06/20, 02:14:49, already_in_channel, invite_action
2022/06/20, 02:15:14, already_in_channel, invite_action
2022/06/20, 02:16:01, already_in_channel, invite_action
2022/06/20, 02:16:37, not_in_channel, invite_action
2022/06/20, 02:29:31, not_in_channel, invite_action
2022/06/20, 02:52:35, already_in_channel, invite_action
2022/06/20, 02:52:35, already_in_channel, invite_action
2022/06/20, 02:52:36, already_in_channel, invite_action
2022/06/20, 02:52:42, already_in_channel, invite_action
2022/06/20, 03:01:04, already_in_channel, invite_action
2022/06/20, 03:01:06, already_in_channel, invite_action
2022/06/20, 03:01:13, already_in_channel, invite_action
2022/06/20, 03:01:18, already_in_channel, invite_action
2022/06/20, 03:01:20, already_in_channel, invite_action
2022/06/20, 03:01:21, already_in_channel, invite_action
2022/06/20, 03:07:43, already_in_channel, invite_action
2022/06/20, 03:07:54, already_in_channel, invite_action
2022/06/20, 03:08:08, already_in_channel, invite_action
2022/06/20, 03:14:19, not_in_channel, invite_action
2022/06/20, 03:14:30, not_in_channel, invite_action
2022/06/20, 03:16:26, already_in_channel, invite_action
2022/06/20, 03:54:24, not_in_channel, invite_action
2022/06/20, 03:54:31, not_in_channel, invite_action
2022/06/20, 03:54:36, already_in_channel, invite_action
2022/06/20, 03:54:40, already_in_channel, invite_action
2022/06/20, 03:55:01, already_in_channel, invite_action
2022/06/20, 03:55:28, already_in_channel, invite_action
2022/06/20, 03:56:16, not_in_channel, invite_action
2022/06/20, 04:24:14, not_in_channel, invite_action
2022/06/20, 04:49:10, already_in_channel, invite_action
2022/06/20, 04:49:12, already_in_channel, invite_action
2022/06/20, 04:49:45, already_in_channel, invite_action
2022/06/20, 04:49:46, already_in_channel, invite_action
2022/06/20, 04:51:15, already_in_channel, invite_action
2022/06/20, 05:22:51, not_in_channel, invite_action
2022/06/20, 05:23:15, already_in_channel, invite_action
2022/06/20, 05:25:44, not_in_channel, invite_action
2022/06/20, 05:25:57, not_in_channel, invite_action
2022/06/20, 06:36:10, not_in_channel, invite_action
2022/06/20, 06:36:10, not_in_channel, invite_action
2022/06/20, 06:36:10, not_in_channel, invite_action
2022/06/20, 06:36:10, not_in_channel, invite_action
2022/06/20, 06:49:43, already_in_channel, invite_action
2022/06/20, 06:49:56, already_in_channel, invite_action
2022/06/20, 07:30:11, not_in_channel, invite_action
2022/06/20, 07:30:44, not_in_channel, invite_action
2022/06/20, 07:30:48, not_in_channel, invite_action
2022/06/20, 07:30:49, not_in_channel, invite_action
2022/06/20, 09:53:52, not_in_channel, invite_action
2022/06/20, 10:38:39, already_in_channel, invite_action
2022/06/20, 11:03:41, not_in_channel, invite_action
2022/06/20, 11:58:56, not_in_channel, invite_action
2022/06/20, 15:30:22, already_in_channel, invite_action
2022/06/20, 15:30:29, already_in_channel, invite_action
2022/06/20, 15:30:30, already_in_channel, invite_action
2022/06/20, 15:30:31, already_in_channel, invite_action
2022/06/20, 15:30:32, already_in_channel, invite_action
2022/06/20, 15:30:35, already_in_channel, invite_action
2022/06/20, 15:36:30, not_in_channel, invite_action
2022/06/20, 15:36:42, not_in_channel, invite_action
2022/06/20, 15:39:23, already_in_channel, invite_action
2022/06/20, 17:14:17, already_in_channel, invite_action
2022/06/21, 04:17:53+09:00:00, expired_trigger_id, command_execution
2022/06/21, 07:05:32, already_in_channel, invite_action
2022/06/21, 07:21:16, already_in_channel, invite_action
2022/06/21, 07:22:23, not_in_channel, invite_action
2022/06/21, 07:22:27, not_in_channel, invite_action
2022/06/21, 07:22:39, not_in_channel, invite_action
2022/06/21, 07:22:50, not_in_channel, invite_action
2022/06/21, 07:26:17, already_in_channel, invite_action
2022/06/21, 10:55:40, already_in_channel, invite_action
2022/06/22, 01:35:14, already_in_channel, invite_action
2022/06/22, 01:36:16, already_in_channel, invite_action
2022/06/22, 02:04:45, already_in_channel, invite_action
2022/06/22, 02:36:36, not_in_channel, invite_action
2022/06/22, 03:40:09, already_in_channel, invite_action
2022/06/22, 03:40:15, already_in_channel, invite_action
2022/06/22, 03:59:52, not_in_channel, invite_action
2022/06/22, 04:00:51, not_in_channel, invite_action
2022/06/22, 07:24:36, already_in_channel, invite_action
2022/06/22, 07:24:36, already_in_channel, invite_action
2022/06/22, 07:24:36, already_in_channel, invite_action
2022/06/22, 07:24:36, already_in_channel, invite_action
2022/06/22, 07:37:22, already_in_channel, invite_action
2022/06/22, 07:38:43, already_in_channel, invite_action
2022/06/22, 07:42:30, not_in_channel, invite_action
2022/06/22, 09:50:51, already_in_channel, invite_action
2022/06/22, 10:02:35, already_in_channel, invite_action
2022/06/22, 10:02:45, already_in_channel, invite_action
2022/06/22, 10:02:48, already_in_channel, invite_action
2022/06/22, 10:02:58, already_in_channel, invite_action
2022/06/22, 14:41:33, not_in_channel, invite_action
2022/06/22, 14:44:19, already_in_channel, invite_action
2022/06/22, 14:52:32, already_in_channel, invite_action
2022/06/22, 14:52:49, already_in_channel, invite_action
2022/06/22, 14:52:53, already_in_channel, invite_action
2022/06/22, 15:20:01, already_in_channel, invite_action
2022/06/22, 15:20:13, already_in_channel, invite_action
2022/06/22, 15:20:52, already_in_channel, invite_action
2022/06/22, 18:39:56, not_in_channel, invite_action
2022/06/22, 18:40:20, not_in_channel, invite_action
2022/06/23, 03:35:13, already_in_channel, invite_action
2022/06/23, 04:37:57, already_in_channel, invite_action
2022/06/23, 04:37:59, already_in_channel, invite_action
2022/06/23, 04:38:05, already_in_channel, invite_action
2022/06/23, 23:08:08+09:00:00, expired_trigger_id, command_execution
2022/06/23, 23:08:08+09:00:00, expired_trigger_id, command_execution
2022/06/23, 23:08:08+09:00:00, expired_trigger_id, command_execution
2022/06/23, 23:08:08+09:00:00, expired_trigger_id, command_execution
2022/06/23, 23:08:10, is_archived, invite_action
2022/06/23, 23:08:19, is_archived, invite_action
2022/06/24, 00:06:21, not_in_channel, invite_action
2022/06/24, 00:06:21, not_in_channel, invite_action
2022/06/24, 01:49:07, already_in_channel, invite_action
2022/06/24, 02:00:11, already_in_channel, invite_action
2022/06/24, 02:00:31, already_in_channel, invite_action
2022/06/24, 03:12:06, already_in_channel, invite_action
2022/06/24, 03:12:15, already_in_channel, invite_action
2022/06/24, 03:29:16, already_in_channel, invite_action
2022/06/24, 03:33:19, already_in_channel, invite_action
2022/06/24, 03:54:27, already_in_channel, invite_action
2022/06/24, 05:48:52, already_in_channel, invite_action
2022/06/24, 06:28:59+09:00:00, expired_trigger_id, command_execution
2022/06/24, 06:56:16+09:00:00, expired_trigger_id, command_execution
2022/06/24, 06:56:16+09:00:00, expired_trigger_id, command_execution
2022/06/24, 06:56:17+09:00:00, expired_trigger_id, command_execution
2022/06/24, 06:56:17+09:00:00, expired_trigger_id, command_execution
2022/06/24, 06:56:17+09:00:00, expired_trigger_id, command_execution
2022/06/24, 06:56:17+09:00:00, expired_trigger_id, command_execution
2022/06/24, 06:56:17+09:00:00, expired_trigger_id, command_execution
2022/06/24, 06:56:17+09:00:00, expired_trigger_id, command_execution
2022/06/24, 06:56:17+09:00:00, expired_trigger_id, command_execution
2022/06/24, 06:59:41, already_in_channel, invite_action
2022/06/24, 07:01:06, already_in_channel, invite_action
2022/06/24, 07:01:49, not_in_channel, invite_action
2022/06/24, 08:25:26+09:00:00, expired_trigger_id, command_execution
2022/06/24, 10:05:09+09:00:00, expired_trigger_id, command_execution
2022/06/24, 10:05:09+09:00:00, expired_trigger_id, command_execution
2022/06/24, 11:14:58+09:00:00, expired_trigger_id, command_execution
2022/06/24, 11:14:58+09:00:00, expired_trigger_id, command_execution
2022/06/24, 12:37:04+09:00:00, expired_trigger_id, command_execution
2022/06/24, 13:27:50+09:00:00, expired_trigger_id, command_execution
2022/06/24, 14:01:15+09:00:00, expired_trigger_id, command_execution
2022/06/24, 14:39:17, already_in_channel, invite_action
2022/06/24, 14:39:24, already_in_channel, invite_action
2022/06/24, 15:16:55, already_in_channel, invite_action
2022/06/24, 23:40:52, user_not_found, global
2022/06/24, 23:40:58, user_not_found, global
2022/06/24, 23:41:05, user_not_found, global
2022/06/24, 23:41:23, user_not_found, global
2022/06/24, 23:41:29, user_not_found, global
2022/06/24, 23:41:37, user_not_found, global
2022/06/25, 08:55:48, not_in_channel, invite_action
2022/06/25, 15:27:59, already_in_channel, invite_action
2022/06/25, 15:28:16, already_in_channel, invite_action
2022/06/25, 15:28:39, already_in_channel, invite_action
2022/06/25, 23:55:03, already_in_channel, invite_action
2022/06/25, 23:55:03, already_in_channel, invite_action
2022/06/25, 23:55:03, already_in_channel, invite_action
2022/06/26, 01:11:42+09:00:00, expired_trigger_id, command_execution
2022/06/26, 01:11:42+09:00:00, expired_trigger_id, command_execution
2022/06/26, 01:11:42+09:00:00, expired_trigger_id, command_execution
2022/06/26, 01:46:45+09:00:00, expired_trigger_id, command_execution
2022/06/26, 01:46:45+09:00:00, expired_trigger_id, command_execution
2022/06/26, 01:46:45, already_in_channel, invite_action
2022/06/26, 01:46:45+09:00:00, expired_trigger_id, command_execution
2022/06/26, 07:17:01, already_in_channel, invite_action
2022/06/26, 07:18:16, already_in_channel, invite_action
2022/06/26, 09:42:20, already_in_channel, invite_action
2022/06/26, 09:42:43, already_in_channel, invite_action
2022/06/26, 09:42:46, already_in_channel, invite_action
2022/06/26, 09:42:47, already_in_channel, invite_action
2022/06/26, 09:42:47, already_in_channel, invite_action
2022/06/26, 09:42:48, already_in_channel, invite_action
2022/06/26, 09:42:48, already_in_channel, invite_action
2022/06/26, 09:42:48, already_in_channel, invite_action
2022/06/26, 17:05:42, not_in_channel, invite_action
2022/06/26, 17:06:06, not_in_channel, invite_action
2022/06/27, 01:24:20, not_in_channel, invite_action
2022/06/27, 01:24:46, not_in_channel, invite_action
2022/06/27, 01:24:48, not_in_channel, invite_action
2022/06/27, 01:24:49, not_in_channel, invite_action
2022/06/27, 01:26:40, already_in_channel, invite_action
2022/06/27, 01:27:04, already_in_channel, invite_action
2022/06/27, 01:31:06, already_in_channel, invite_action
2022/06/27, 01:43:16, already_in_channel, invite_action
2022/06/27, 01:43:46, already_in_channel, invite_action
2022/06/27, 02:01:25, already_in_channel, invite_action
2022/06/27, 02:01:26, already_in_channel, invite_action
2022/06/27, 03:11:29, already_in_channel, invite_action
2022/06/27, 03:14:31, already_in_channel, invite_action
2022/06/27, 03:25:52, already_in_channel, invite_action
2022/06/27, 03:51:31, already_in_channel, invite_action
2022/06/27, 06:20:43, already_in_channel, invite_action
2022/06/27, 06:21:33, already_in_channel, invite_action
2022/06/27, 07:14:45, already_in_channel, invite_action
2022/06/27, 07:14:53, already_in_channel, invite_action
2022/06/27, 07:32:18, not_in_channel, invite_action
2022/06/27, 07:32:23, not_in_channel, invite_action
2022/06/27, 07:39:23, not_in_channel, invite_action
2022/06/27, 07:39:26, not_in_channel, invite_action
2022/06/27, 10:25:06, already_in_channel, invite_action
2022/06/27, 10:25:06, already_in_channel, invite_action
2022/06/27, 10:25:15, already_in_channel, invite_action
2022/06/27, 10:26:15, already_in_channel, invite_action
2022/06/27, 10:26:21, not_in_channel, invite_action
2022/06/27, 12:21:03, already_in_channel, invite_action
2022/06/27, 12:21:06, already_in_channel, invite_action
2022/06/27, 16:57:40, already_in_channel, invite_action
2022/06/28, 01:07:25+09:00:00, expired_trigger_id, command_execution
2022/06/28, 01:07:25+09:00:00, expired_trigger_id, command_execution
2022/06/28, 01:07:25+09:00:00, expired_trigger_id, command_execution
2022/06/28, 05:57:50, already_in_channel, invite_action
2022/06/28, 06:01:13, already_in_channel, invite_action
2022/06/28, 06:01:45, already_in_channel, invite_action
2022/06/28, 06:01:59, already_in_channel, invite_action
2022/06/28, 06:02:05, already_in_channel, invite_action
2022/06/28, 06:02:11, not_in_channel, invite_action
2022/06/28, 06:02:13, already_in_channel, invite_action
2022/06/28, 06:17:50, already_in_channel, invite_action
2022/06/28, 06:17:56, already_in_channel, invite_action
2022/06/28, 06:18:12, already_in_channel, invite_action
2022/06/28, 06:21:42, already_in_channel, invite_action
2022/06/28, 12:09:04, already_in_channel, invite_action
2022/06/28, 12:09:04, already_in_channel, invite_action
2022/06/28, 16:22:12, already_in_channel, invite_action
2022/06/28, 18:10:59, already_in_channel, invite_action
2022/06/28, 22:34:49, already_in_channel, invite_action
2022/06/28, 22:34:51, already_in_channel, invite_action
2022/06/28, 22:35:01, already_in_channel, invite_action
2022/06/29, 02:22:58, already_in_channel, invite_action