date, time, channel, user, function
2021/09/06, 01:24:46+09:00:00, C02CC164P9C, W015NPKMPRQ, make_url
2021/09/06, 01:24:53+09:00:00, G01M0L66Y7P, W015NPKMPRQ, invite_action
2021/09/06, 05:26:42+09:00:00, G01M0L66Y7P, W015NPMUR6E, invite_action
2021/09/06, 09:19:40+09:00:00, G01M0L66Y7P, W015820BCJK, invite_action
2021/09/07, 11:47:27+09:00:00, G01M0L66Y7P, W015P0JNK9R, invite_action
2021/09/07, 11:47:27+09:00:00, G01M0L66Y7P, W015P0JNK9R, invite_action
2021/09/08, 05:21:47+09:00:00, G01797716SF, W015NPKMPRQ, update_conversation
2021/09/08, 23:34:30+09:00:00, G01M0L66Y7P, W015P0CLSQ3, invite_action
2021/09/09, 12:39:08+09:00:00, G01M0L66Y7P, W015P0CQQPM, invite_action
2021/09/11, 11:52:49+09:00:00, G01M0L66Y7P, W015NPS21GA, invite_action
2021/09/11, 19:01:31+09:00:00, G01M0L66Y7P, W015MCSF5FF, invite_action
2021/09/12, 06:56:33+09:00:00, G01M0L66Y7P, W016CJSMLCQ, invite_action
2021/09/12, 15:58:17+09:00:00, G01M0L66Y7P, W015MCGM0KX, invite_action
2021/09/12, 16:14:32+09:00:00, G01M0L66Y7P, W015G2C75T8, invite_action
2021/09/13, 01:22:49+09:00:00, G01M0L66Y7P, W01581ZJHHV, invite_action
2021/09/13, 05:46:45+09:00:00, G01M0L66Y7P, W015P0BQVMZ, invite_action
2021/09/13, 05:49:04+09:00:00, G01M0L66Y7P, W01581SJ7V5, invite_action
2021/09/13, 10:10:24+09:00:00, G01M0L66Y7P, W0161CLKM89, invite_action
2021/09/13, 13:01:46+09:00:00, G01M0L66Y7P, W0161CLKM89, invite_action
2021/09/13, 13:01:57+09:00:00, C023H9NR3CJ, W0161CLKM89, invite_action
2021/09/13, 14:48:23+09:00:00, G01M0L66Y7P, W015P0D364B, invite_action
2021/09/13, 14:48:23+09:00:00, G01M0L66Y7P, W015P0D364B, invite_action
2021/09/14, 02:40:44+09:00:00, G01M0L66Y7P, W015MCTC3V3, invite_action
2021/09/15, 01:32:37+09:00:00, G01M0L66Y7P, W015NPNLTPC, invite_action
2021/09/15, 07:03:57+09:00:00, G01M0L66Y7P, W015MCMJS9K, invite_action
2021/09/16, 01:37:19+09:00:00, G01M0L66Y7P, W0161CT3LN5, invite_action
2021/09/16, 05:44:55+09:00:00, G01M0L66Y7P, W015UV5GB36, invite_action
2021/09/16, 16:24:01+09:00:00, G01M0L66Y7P, W015G2AA3UN, invite_action
2021/09/16, 16:24:21+09:00:00, C023H9NR3CJ, W015G2AA3UN, invite_action
2021/09/16, 16:25:52+09:00:00, G01M0L66Y7P, W015G2AA3UN, invite_action
2021/09/17, 01:17:09+09:00:00, G01M0L66Y7P, W0161CRVBNV, invite_action
2021/09/17, 01:54:09+09:00:00, G01M0L66Y7P, W015G2AV0G6, invite_action
2021/09/17, 01:54:09+09:00:00, C023H9NR3CJ, W015G2AV0G6, invite_action
2021/09/17, 01:54:09+09:00:00, C023H9NR3CJ, W015G2AV0G6, invite_action
2021/09/17, 01:55:21+09:00:00, C023H9NR3CJ, W015G24EFLN, invite_action
2021/11/19, 01:45:48+09:00:00, G01M0L66Y7P, W0161CRVBNV, invite_action
2021/12/29, 12:28:20+09:00:00, C02CC164P9C, W015NPMUR6E, issue_url
2022/01/07, 01:48:54+09:00:00, C01M3H3E24B, W015P0B28V9, make
2022/01/07, 01:50:34+09:00:00, C01M3H3E24B, W015P0B28V9, make
2022/01/18, 01:45:55+09:00:00, C016VSPA18T, W015P0B28V9, make
2022/01/18, 01:46:54+09:00:00, C01M3H3E24B, W015P0N6NG3, invite_action
2022/01/18, 01:47:04+09:00:00, C01M3H3E24B, W01581Z0MAT, invite_action
2022/01/18, 01:48:05+09:00:00, C01M3H3E24B, W015MCN7MT7, invite_action
2022/01/18, 01:49:58+09:00:00, C01M3H3E24B, W016CJU8JSU, invite_action
2022/01/18, 01:50:39+09:00:00, C01M3H3E24B, W016CJUGH4Y, invite_action
2022/01/18, 01:50:49+09:00:00, C01M3H3E24B, W015NPLKPTL, invite_action
2022/01/18, 02:02:09+09:00:00, C01M3H3E24B, U01T9NB06JV, invite_action
2022/01/18, 02:05:45+09:00:00, C01M3H3E24B, W015UUZ3QBE, invite_action
2022/01/18, 02:08:38+09:00:00, C01M3H3E24B, W0161CRTLC9, invite_action
2022/01/18, 02:10:12+09:00:00, C01M3H3E24B, W015G2C0Z0E, invite_action
2022/01/18, 02:10:22+09:00:00, C01M3H3E24B, W0161CSJC81, invite_action
2022/01/18, 02:18:55+09:00:00, C01M3H3E24B, U01T4UZKAEP, invite_action
2022/01/18, 02:19:47+09:00:00, C01M3H3E24B, U01TBBG76GL, invite_action
2022/01/18, 02:26:25+09:00:00, C01M3H3E24B, W015MCH9B37, invite_action
2022/01/18, 02:27:16+09:00:00, C01M3H3E24B, W01581WAGET, invite_action
2022/01/18, 02:33:50+09:00:00, C01M3H3E24B, W0161CTK85P, invite_action
2022/01/18, 02:35:26+09:00:00, C01M3H3E24B, W015MCM6CBX, invite_action
2022/01/18, 02:35:51+09:00:00, C01M3H3E24B, W01581W2VFZ, invite_action
2022/01/18, 02:39:39+09:00:00, C01M3H3E24B, W015P0CNU1H, invite_action
2022/01/18, 02:40:39+09:00:00, C01M3H3E24B, W015UV6G8BE, invite_action
2022/01/18, 02:53:22+09:00:00, C01M3H3E24B, W015MCM7S21, invite_action
2022/01/18, 02:54:40+09:00:00, C01M3H3E24B, W015G251SPQ, invite_action
2022/01/18, 02:59:07+09:00:00, C01M3H3E24B, W015G24MLLW, invite_action
2022/01/18, 03:00:04+09:00:00, C01M3H3E24B, W01581VCGEB, invite_action
2022/01/18, 03:01:10+09:00:00, C01M3H3E24B, W016CK4N3BJ, invite_action
2022/01/18, 03:01:49+09:00:00, C01M3H3E24B, W015P0CEYHZ, invite_action
2022/01/18, 03:06:43+09:00:00, C01M3H3E24B, W0161CUMAJV, invite_action
2022/01/18, 03:14:34+09:00:00, C01M3H3E24B, U01TAGZQ4N4, invite_action
2022/01/18, 03:25:08+09:00:00, C01M3H3E24B, W015UUX1WNQ, invite_action
2022/01/18, 03:25:17+09:00:00, C01M3H3E24B, U01SUC4GR5M, invite_action
2022/01/18, 03:37:33+09:00:00, C01M3H3E24B, W015MCPDVFF, invite_action
2022/01/18, 03:56:07+09:00:00, C01M3H3E24B, W015UV0JG20, invite_action
2022/01/18, 03:56:07+09:00:00, C01M3H3E24B, W015UV0JG20, invite_action
2022/01/18, 04:11:38+09:00:00, C01M3H3E24B, W015UUWSKHS, invite_action
2022/01/18, 06:14:47+09:00:00, C01M3H3E24B, W015NPS92BC, invite_action
2022/01/18, 06:36:54+09:00:00, C01M3H3E24B, W015P0G7SM9, invite_action
2022/01/18, 06:36:54+09:00:00, C01M3H3E24B, W015P0G7SM9, invite_action
2022/01/18, 06:36:54+09:00:00, C01M3H3E24B, W015P0G7SM9, invite_action
2022/01/18, 06:47:20+09:00:00, C01M3H3E24B, W015MCMS9PX, invite_action
2022/01/18, 06:50:04+09:00:00, C01M3H3E24B, U01T1LBCDD3, invite_action
2022/01/18, 06:57:25+09:00:00, C01M3H3E24B, W015P0CULG3, invite_action
2022/01/18, 07:30:26+09:00:00, C01M3H3E24B, U01T4UYTRKM, invite_action
2022/01/18, 07:53:10+09:00:00, C01M3H3E24B, W015G298Q0N, invite_action
2022/01/18, 07:53:10+09:00:00, C01M3H3E24B, W015G298Q0N, invite_action
2022/01/18, 08:03:14+09:00:00, C01M3H3E24B, W01581UFFUP, invite_action
2022/01/18, 08:43:12+09:00:00, C01M3H3E24B, W015820JM2B, invite_action
2022/01/18, 08:56:19+09:00:00, C01M3H3E24B, W015P0BQVMZ, invite_action
2022/01/18, 09:20:33+09:00:00, C01M3H3E24B, U01SPVB9S2K, invite_action
2022/01/18, 10:57:18+09:00:00, C01M3H3E24B, W0161CR4CU9, invite_action
2022/01/18, 12:47:22+09:00:00, C01M3H3E24B, W015UV512VA, invite_action
2022/01/18, 14:48:56+09:00:00, C01M3H3E24B, W0158205W95, invite_action
2022/01/19, 00:51:01+09:00:00, C01M3H3E24B, W015NPSMRUJ, invite_action
2022/01/19, 01:32:34+09:00:00, C01M3H3E24B, W0161CNQQM7, invite_action
2022/01/19, 01:32:34+09:00:00, C01M3H3E24B, W0161CNQQM7, invite_action
2022/01/19, 01:50:32+09:00:00, C01M3H3E24B, W0158209023, invite_action
2022/01/19, 01:50:32+09:00:00, C01M3H3E24B, W0158209023, invite_action
2022/01/19, 04:46:38+09:00:00, C01M3H3E24B, W0161CSCG2V, invite_action
2022/01/19, 04:46:38+09:00:00, C01M3H3E24B, W0161CSCG2V, invite_action
2022/01/19, 06:02:36+09:00:00, C01M3H3E24B, W0161CST98R, invite_action
2022/01/19, 06:02:36+09:00:00, C01M3H3E24B, W0161CST98R, invite_action
2022/01/19, 06:02:36+09:00:00, C01M3H3E24B, W0161CST98R, invite_action
2022/01/20, 06:01:49+09:00:00, C01M3H3E24B, W015MCH5JJH, invite_action
2022/01/20, 06:01:50+09:00:00, C01M3H3E24B, W015MCH5JJH, invite_action
2022/01/20, 06:24:16+09:00:00, C01M3H3E24B, U01SK6D0F0D, invite_action
2022/01/20, 06:24:16+09:00:00, C01M3H3E24B, U01SK6D0F0D, invite_action
2022/01/20, 23:50:49+09:00:00, C01M3H3E24B, W015P0D364B, invite_action
2022/01/20, 23:50:49+09:00:00, C01M3H3E24B, W015P0D364B, invite_action
2022/01/20, 23:50:49+09:00:00, C01M3H3E24B, W015P0D364B, invite_action
2022/01/21, 00:50:31+09:00:00, C01M3H3E24B, W015MCT14RK, invite_action
2022/01/21, 06:40:28+09:00:00, C01M3H3E24B, W0161CS1HQR, invite_action
2022/01/21, 06:40:28+09:00:00, C01M3H3E24B, W0161CS1HQR, invite_action
2022/01/21, 06:40:28+09:00:00, C01M3H3E24B, W0161CS1HQR, invite_action
2022/01/21, 06:40:48+09:00:00, C01M3H3E24B, W0161CSFE49, invite_action
2022/01/22, 06:27:02+09:00:00, C01M3H3E24B, W015UV01R2Q, invite_action
2022/01/22, 06:27:02+09:00:00, C01M3H3E24B, W015UV01R2Q, invite_action
2022/01/26, 08:40:59+09:00:00, C01M3H3E24B, W015MCM0QA1, invite_action
2022/01/28, 14:33:00+09:00:00, C01M3H3E24B, W015UV0GQ0L, invite_action
2022/01/28, 14:33:00+09:00:00, C01M3H3E24B, W015UV0GQ0L, invite_action
2022/01/29, 09:48:47+09:00:00, C01M3H3E24B, U02GRSKSKEJ, invite_action
2022/01/29, 09:48:47+09:00:00, C01M3H3E24B, U02GRSKSKEJ, invite_action
2022/01/29, 09:48:47+09:00:00, C01M3H3E24B, U02GRSKSKEJ, invite_action
2022/01/30, 23:22:28+09:00:00, C01M3H3E24B, U01SZGC6DMF, invite_action
2022/01/30, 23:22:28+09:00:00, C01M3H3E24B, U01SZGC6DMF, invite_action
2022/01/30, 23:22:28+09:00:00, C01M3H3E24B, U01SZGC6DMF, invite_action
2022/01/31, 00:13:05+09:00:00, C01M3H3E24B, U01S67Y4M2T, invite_action
2022/01/31, 04:17:59+09:00:00, C01M3H3E24B, W015UV121DJ, invite_action
2022/01/31, 05:03:10+09:00:00, C01M3H3E24B, W015G257UBY, invite_action
2022/02/01, 16:30:38+09:00:00, C01M3H3E24B, W0161CQSN8Z, invite_action
2022/02/01, 16:30:38+09:00:00, C01M3H3E24B, W0161CQSN8Z, invite_action
2022/02/02, 06:07:11+09:00:00, C01M3H3E24B, W015G2494NS, invite_action
2022/05/24, 02:15:02+09:00:00, C03GCFW399C, W015NPNB2R0, update_conversation
2022/05/24, 03:02:33+09:00:00, C03GCFW399C, W015NPNB2R0, issue_url
2022/05/26, 04:00:10+09:00:00, C03GCFW399C, W015G24EFLN, invite_action
2022/05/26, 04:00:10+09:00:00, C03GCFW399C, W015G24EFLN, invite_action
2022/06/08, 22:11:28+09:00:00, C023H9NR3CJ, W015NPKMPRQ, invite_action
2022/06/09, 07:16:30+09:00:00, C03JX94F7PC, W015P0BU1S7, make
2022/06/09, 07:22:07+09:00:00, C037F1URK62, W015P0BU1S7, make
2022/06/09, 07:27:41+09:00:00, C023H9NR3CJ, W015P0BU1S7, make
2022/06/09, 07:28:28+09:00:00, C03KA11PVH7, U01SZHA874Z, invite_action
2022/06/15, 10:47:18+09:00:00, C023H9NR3CJ, W015P0BU1S7, make
2022/06/15, 22:55:36+09:00:00, C03KA11PVH7, W015P0ADDPV, invite_action
2022/06/15, 22:55:36+09:00:00, C03KA11PVH7, W015P0ADDPV, invite_action
2022/06/16, 02:49:47+09:00:00, C02DT3R0F2S, W016CJS1GRW, make
2022/06/16, 03:24:47+09:00:00, C03KA11PVH7, W015G24EFLN, invite_action
2022/06/16, 05:17:47+09:00:00, C023H9NR3CJ, W015P0ADDPV, make_url
2022/06/16, 05:27:56+09:00:00, C03F7FA69T7, U0396PJJY1K, make
2022/06/16, 05:28:48+09:00:00, C03F7FA69T7, W015NPKMPRQ, make
2022/06/16, 05:29:20+09:00:00, G01797716SF, W015NPKMPRQ, invite_action
2022/06/16, 05:29:39+09:00:00, G01797716SF, W015NPKMPRQ, invite_action
2022/06/16, 05:31:00+09:00:00, C03F7FA69T7, W015P0BU1S7, make
2022/06/16, 05:32:33+09:00:00, C03J9GP553R, W015UUZMB8U, invite_action
2022/06/16, 05:32:55+09:00:00, G01797716SF, W015UUZMB8U, invite_action
2022/06/16, 05:34:12+09:00:00, C03F7FA69T7, W015MCH3LJZ, make
2022/06/16, 05:36:49+09:00:00, C03J9GP553R, W015G25H4Q6, invite_action
2022/06/16, 05:37:04+09:00:00, C03KA11PVH7, W015G25H4Q6, invite_action
2022/06/16, 05:38:56+09:00:00, G01797716SF, U039BG06MNE, invite_action
2022/06/16, 05:39:37+09:00:00, C03KA11PVH7, U039BG06MNE, invite_action
2022/06/16, 05:43:45+09:00:00, C03KA11PVH7, W016CJY35H6, invite_action
2022/06/16, 05:49:04+09:00:00, C03F7FA69T7, U039A75FNH0, make
2022/06/16, 05:51:54+09:00:00, C03F7FA69T7, W015P0A7SUT, make
2022/06/16, 05:52:22+09:00:00, C03HEF9E51U, W015G259F7G, invite_action
2022/06/16, 05:52:56+09:00:00, C03HEF9E51U, W015G25H4Q6, invite_action
2022/06/16, 05:53:21+09:00:00, C03HEF9E51U, W016CJUQ72L, invite_action
2022/06/16, 05:56:41+09:00:00, C03J9GP553R, W015UV0CYG4, invite_action
2022/06/16, 05:56:45+09:00:00, G01797716SF, W015UV0CYG4, invite_action
2022/06/16, 05:56:55+09:00:00, C03KA11PVH7, W015UV1CHCL, invite_action
2022/06/16, 05:56:57+09:00:00, G01797716SF, W015UV0CYG4, invite_action
2022/06/16, 05:57:10+09:00:00, C03KWFZTH26, W015UV1CHCL, invite_action
2022/06/16, 05:57:23+09:00:00, C03HEF9E51U, W015UV1CHCL, invite_action
2022/06/16, 05:57:29+09:00:00, C03HEF9E51U, W015UV0CYG4, invite_action
2022/06/16, 05:58:31+09:00:00, C03KWFZTH26, W015UV0CYG4, invite_action
2022/06/16, 05:58:35+09:00:00, C03KA11PVH7, W015UV0CYG4, invite_action
2022/06/16, 05:58:36+09:00:00, G01797716SF, W015UV0CYG4, invite_action
2022/06/16, 06:00:10+09:00:00, C03HEF9E51U, W015P0H2GUT, invite_action
2022/06/16, 06:00:12+09:00:00, C03KWFZTH26, W015P0H2GUT, invite_action
2022/06/16, 06:00:33+09:00:00, C03HEF9E51U, W015MCPN129, invite_action
2022/06/16, 06:02:55+09:00:00, C03KWFZTH26, W015MCPN129, invite_action
2022/06/16, 06:03:13+09:00:00, C03HEF9E51U, W016CJY35H6, invite_action
2022/06/16, 06:03:31+09:00:00, C03HEF9E51U, W015NPSJ7V0, invite_action
2022/06/16, 06:08:55+09:00:00, C03HEF9E51U, W015MCM3SG5, invite_action
2022/06/16, 06:11:15+09:00:00, C03HEF9E51U, W0161CR617B, invite_action
2022/06/16, 06:22:10+09:00:00, C03KA11PVH7, W015UV0TTFE, invite_action
2022/06/16, 06:22:25+09:00:00, C03HEF9E51U, W015UV0TTFE, invite_action
2022/06/16, 06:24:02+09:00:00, C03KWFZTH26, W0161CTAZH7, invite_action
2022/06/16, 06:34:36+09:00:00, G01797716SF, W015NPKMPRQ, issue_url
2022/06/16, 07:09:52+09:00:00, C03F7FA69T7, U039BA1N5FX, make_url
2022/06/16, 07:10:04+09:00:00, C03KYUH442G, W015UV1CHCL, invite_action
2022/06/16, 07:11:55+09:00:00, C03KA11PVH7, W015G259F7G, invite_action
2022/06/16, 07:17:06+09:00:00, G01797716SF, W015NPKMPRQ, invite_action
2022/06/16, 07:17:07+09:00:00, C03F7FA69T7, W017AJAF0KB, make
2022/06/16, 07:17:16+09:00:00, G01797716SF, W015NPKMPRQ, invite_action
2022/06/16, 07:17:32+09:00:00, C03KQB5PA58, W015G25H4Q6, invite_action
2022/06/16, 07:19:57+09:00:00, C03KYUH442G, W015UV0CYG4, invite_action
2022/06/16, 07:20:12+09:00:00, C03KQB5PA58, W015UV0CYG4, invite_action
2022/06/16, 07:33:51+09:00:00, C03KWFZTH26, W015UV3M1L4, invite_action
2022/06/16, 07:43:27+09:00:00, C03KGB0FBJT, W016MHW1334, make
2022/06/16, 07:48:22+09:00:00, C03F7FA69T7, W016MHW1334, make
2022/06/16, 07:50:44+09:00:00, C03KGB0FBJT, W015UV0CYG4, invite_action
2022/06/16, 07:55:56+09:00:00, C03KGB0FBJT, W015NPSJ7V0, invite_action
2022/06/16, 08:04:17+09:00:00, C03KGB0FBJT, U039BG06MNE, invite_action
2022/06/16, 08:04:39+09:00:00, C03KQB5PA58, U039BG06MNE, invite_action
2022/06/16, 08:04:45+09:00:00, C03KYUH442G, U039BG06MNE, invite_action
2022/06/16, 08:05:27+09:00:00, C03HEF9E51U, U039BG06MNE, invite_action
2022/06/16, 08:24:19+09:00:00, C03HEF9E51U, W01581UP0DV, invite_action
2022/06/16, 08:34:40+09:00:00, C03KQB5PA58, W01581VMXQF, invite_action
2022/06/16, 08:39:32+09:00:00, C03HEF9E51U, W015P0GNTM1, invite_action
2022/06/16, 08:40:07+09:00:00, C03KA11PVH7, W015P0GNTM1, invite_action
2022/06/16, 09:14:37+09:00:00, C03KYUH442G, W01581UDQDD, invite_action
2022/06/16, 09:14:37+09:00:00, C03KYUH442G, W01581UDQDD, invite_action
2022/06/16, 09:39:03+09:00:00, C03KQB5PA58, U03A3USC3MW, invite_action
2022/06/16, 09:40:05+09:00:00, C03KA11PVH7, U03A3USC3MW, invite_action
2022/06/16, 10:53:47+09:00:00, C03KQB5PA58, W015P0JM40K, invite_action
2022/06/16, 10:58:21+09:00:00, C03KQB5PA58, W01581VK17Z, invite_action
2022/06/16, 11:53:37+09:00:00, C03J9GP553R, W0161CLNWJD, invite_action
2022/06/16, 11:53:37+09:00:00, C03J9GP553R, W0161CLNWJD, invite_action
2022/06/16, 11:53:37+09:00:00, G01797716SF, W0161CLNWJD, invite_action
2022/06/16, 11:53:42+09:00:00, C03KA11PVH7, W0161CLNWJD, invite_action
2022/06/16, 11:54:17+09:00:00, C03KWFZTH26, W0161CLNWJD, invite_action
2022/06/16, 11:54:20+09:00:00, C03HEF9E51U, W0161CLNWJD, invite_action
2022/06/16, 11:54:22+09:00:00, C03KYUH442G, W0161CLNWJD, invite_action
2022/06/16, 11:54:39+09:00:00, C03KQB5PA58, W0161CLNWJD, invite_action
2022/06/16, 11:54:48+09:00:00, C03KGB0FBJT, W0161CLNWJD, invite_action
2022/06/16, 12:05:01+09:00:00, C03KA11PVH7, W01581WU6R5, invite_action
2022/06/16, 12:13:52+09:00:00, C03KYUH442G, W015UV6K8LC, invite_action
2022/06/16, 12:49:50+09:00:00, C03F7FA69T7, W015NPM9F1Q, make
2022/06/16, 12:52:14+09:00:00, C03KGEJ7H7H, W015UV1CHCL, invite_action
2022/06/16, 12:53:11+09:00:00, C03HEF9E51U, W0161CSMGTT, invite_action
2022/06/16, 12:53:21+09:00:00, C03KA11PVH7, W0161CSMGTT, invite_action
2022/06/16, 13:00:40+09:00:00, C03KQB5PA58, W015P0GNTM1, invite_action
2022/06/16, 13:04:57+09:00:00, C03KGEJ7H7H, W015UV0CYG4, invite_action
2022/06/16, 13:20:47+09:00:00, C03KGEJ7H7H, W016CJUQ72L, invite_action
2022/06/16, 13:35:14+09:00:00, C03KGEJ7H7H, W015G25H4Q6, invite_action
2022/06/16, 13:35:14+09:00:00, C03KGEJ7H7H, W015G25H4Q6, invite_action
2022/06/16, 13:35:14+09:00:00, C03KGEJ7H7H, W015G25H4Q6, invite_action
2022/06/16, 13:41:59+09:00:00, C03KYUH442G, W015G294ABY, invite_action
2022/06/16, 13:42:18+09:00:00, C03KQB5PA58, W015G294ABY, invite_action
2022/06/16, 13:42:29+09:00:00, C03KGB0FBJT, W015G294ABY, invite_action
2022/06/16, 13:42:32+09:00:00, C03KGEJ7H7H, W015G294ABY, invite_action
2022/06/16, 13:49:01+09:00:00, C03KGEJ7H7H, W0161CLNWJD, invite_action
2022/06/16, 14:25:44+09:00:00, C03F7FA69T7, W015MCFDBS9, issue_url
2022/06/16, 14:26:20+09:00:00, C03F7FA69T7, W015MCFDBS9, make
2022/06/16, 14:30:09+09:00:00, C03LBG5A7BK, W016CJYB4LQ, invite_action
2022/06/16, 14:37:52+09:00:00, C03LBG5A7BK, W015UV1CHCL, invite_action
2022/06/16, 14:46:05+09:00:00, C03KGEJ7H7H, U039BG06MNE, invite_action
2022/06/16, 14:46:18+09:00:00, C03LBG5A7BK, U039BG06MNE, invite_action
2022/06/16, 14:56:02+09:00:00, C03KGB0FBJT, W015UV65CMA, invite_action
2022/06/16, 14:59:16+09:00:00, G01797716SF, W015UV65CMA, invite_action
2022/06/16, 15:15:25+09:00:00, C03LBG5A7BK, W015G2C75T8, invite_action
2022/06/16, 15:16:26+09:00:00, C03HEF9E51U, W015UV65CMA, invite_action
2022/06/16, 15:19:31+09:00:00, C03HEF9E51U, W015MCMBR0D, invite_action
2022/06/16, 15:21:29+09:00:00, C03KA11PVH7, W015MCMBR0D, invite_action
2022/06/16, 15:29:38+09:00:00, C03LBG5A7BK, W015G28N0GN, invite_action
2022/06/16, 15:35:01+09:00:00, C03LBG5A7BK, W015UV0CYG4, invite_action
2022/06/16, 16:31:03+09:00:00, C03KYUH442G, W015P0H9M6F, invite_action
2022/06/16, 16:43:42+09:00:00, C03KGEJ7H7H, W01581YG207, invite_action
2022/06/16, 16:43:43+09:00:00, C03KGEJ7H7H, W01581YG207, invite_action
2022/06/16, 16:44:23+09:00:00, C03KQB5PA58, W01581YG207, invite_action
2022/06/16, 18:10:50+09:00:00, C03KWFZTH26, W015P0JM40K, invite_action
2022/06/16, 18:10:50+09:00:00, C03HEF9E51U, W015P0JM40K, invite_action
2022/06/16, 18:10:50+09:00:00, C03HEF9E51U, W015P0JM40K, invite_action
2022/06/16, 18:10:50+09:00:00, G01797716SF, W015P0JM40K, invite_action
2022/06/16, 18:10:50+09:00:00, C03KA11PVH7, W015P0JM40K, invite_action
2022/06/16, 18:10:50+09:00:00, C03J9GP553R, W015P0JM40K, invite_action
2022/06/16, 18:10:50+09:00:00, C03KYUH442G, W015P0JM40K, invite_action
2022/06/16, 18:10:57+09:00:00, C03KGB0FBJT, W015P0JM40K, invite_action
2022/06/16, 18:11:01+09:00:00, C03KGEJ7H7H, W015P0JM40K, invite_action
2022/06/16, 18:11:04+09:00:00, C03LBG5A7BK, W015P0JM40K, invite_action
2022/06/16, 23:13:40+09:00:00, C03KGB0FBJT, W015G26BAMU, invite_action
2022/06/16, 23:13:40+09:00:00, C03KGB0FBJT, W015G26BAMU, invite_action
2022/06/16, 23:54:56+09:00:00, C03KQB5PA58, W015UV3ED6Y, invite_action
2022/06/16, 23:54:56+09:00:00, C03KYUH442G, W015UV3ED6Y, invite_action
2022/06/16, 23:54:56+09:00:00, C03KQB5PA58, W015UV3ED6Y, invite_action
2022/06/16, 23:54:56+09:00:00, C03LBG5A7BK, W015UV3ED6Y, invite_action
2022/06/17, 00:20:51+09:00:00, C03LBG5A7BK, W015UV0TTFE, invite_action
2022/06/17, 00:22:07+09:00:00, C03LBG5A7BK, W015P0G1F99, invite_action
2022/06/17, 00:22:10+09:00:00, C03KGEJ7H7H, W015P0G1F99, invite_action
2022/06/17, 00:22:47+09:00:00, C03KQB5PA58, W015P0G1F99, invite_action
2022/06/17, 00:22:49+09:00:00, C03KYUH442G, W015P0G1F99, invite_action
2022/06/17, 00:23:16+09:00:00, C03HEF9E51U, W015P0G1F99, invite_action
2022/06/17, 00:23:18+09:00:00, C03KWFZTH26, W015P0G1F99, invite_action
2022/06/17, 00:23:24+09:00:00, C03J9GP553R, W015P0G1F99, invite_action
2022/06/17, 00:23:40+09:00:00, C03KA11PVH7, W015P0G1F99, invite_action
2022/06/17, 00:23:42+09:00:00, G01797716SF, W015P0G1F99, invite_action
2022/06/17, 01:28:20+09:00:00, C03L213CWF4, W015P0ADDPV, make
2022/06/17, 01:39:57+09:00:00, C03F7FA69T7, W015P0ADDPV, make
2022/06/17, 01:43:17+09:00:00, C03LBG5A7BK, W015G259F7G, invite_action
2022/06/17, 01:47:26+09:00:00, C03KL59RG04, W015UV0CYG4, invite_action
2022/06/17, 01:54:39+09:00:00, C03J9GP553R, W015NPSKWAW, invite_action
2022/06/17, 02:08:02+09:00:00, C03KYUH442G, W016CJYJ5UY, invite_action
2022/06/17, 02:34:32+09:00:00, C03KV8Y6751, W015MCH7G69, issue_url
2022/06/17, 02:36:53+09:00:00, C03F7FA69T7, W015P0N6NG3, make
2022/06/17, 02:37:31+09:00:00, C03L8FV8FUH, W015UV0CYG4, invite_action
2022/06/17, 02:52:41+09:00:00, C03L8FV8FUH, W0161CLNWJD, invite_action
2022/06/17, 02:58:42+09:00:00, C03KL59RG04, W015NPNH35G, invite_action
2022/06/17, 02:59:13+09:00:00, C03KYUH442G, W015NPNH35G, invite_action
2022/06/17, 03:03:54+09:00:00, C03KYUH442G, W015UV4C61J, invite_action
2022/06/17, 03:08:21+09:00:00, C03L8FV8FUH, W015UUZMB8U, invite_action
2022/06/17, 03:09:35+09:00:00, C03LBG5A7BK, W015UUZMB8U, invite_action
2022/06/17, 03:09:52+09:00:00, C03HEF9E51U, W015UUZMB8U, invite_action
2022/06/17, 03:16:12+09:00:00, C03J9GP553R, W015G26BAMU, invite_action
2022/06/17, 03:18:26+09:00:00, C03LBG5A7BK, W015G26BAMU, invite_action
2022/06/17, 03:20:09+09:00:00, C03KV8Y6751, W015MCH7G69, issue_url
2022/06/17, 03:23:36+09:00:00, C03KV8Y6751, W015MCH7G69, make_url
2022/06/17, 03:27:22+09:00:00, C03KV8Y6751, W015MCH7G69, issue_url
2022/06/17, 03:27:40+09:00:00, C03LBG5A7BK, W01581UP0DV, invite_action
2022/06/17, 03:29:30+09:00:00, C03F7FA69T7, W015MCH7G69, make_url
2022/06/17, 03:29:51+09:00:00, C03KL59RG04, W015P0JM40K, invite_action
2022/06/17, 03:29:53+09:00:00, C03L8FV8FUH, W015P0JM40K, invite_action
2022/06/17, 03:29:55+09:00:00, C03KV8Y6751, W015P0JM40K, invite_action
2022/06/17, 03:30:52+09:00:00, C03KV8Y6751, W015UV0CYG4, invite_action
2022/06/17, 03:30:52+09:00:00, C03KV8Y6751, W01581UP0DV, invite_action
2022/06/17, 03:43:53+09:00:00, C03KQB5PA58, W016CJUGH4Y, invite_action
2022/06/17, 03:57:10+09:00:00, C03KV8Y6751, W015UUZMB8U, invite_action
2022/06/17, 04:06:15+09:00:00, C03KL59RG04, W016CJUQ72L, invite_action
2022/06/17, 04:06:34+09:00:00, C03LBG5A7BK, W016CJUQ72L, invite_action
2022/06/17, 04:07:19+09:00:00, C03KYUH442G, W016CJUQ72L, invite_action
2022/06/17, 04:12:00+09:00:00, C03KGEJ7H7H, W015P0H2GUT, invite_action
2022/06/17, 04:16:47+09:00:00, C03KA11PVH7, W016CJY35H6, invite_action
2022/06/17, 04:17:14+09:00:00, C03KYUH442G, W016CJY35H6, invite_action
2022/06/17, 05:28:47+09:00:00, C03LBG5A7BK, W015UUZNVEG, invite_action
2022/06/17, 05:29:52+09:00:00, C03KQB5PA58, W015UUZNVEG, invite_action
2022/06/17, 06:11:12+09:00:00, C03KYUH442G, W015NPU5P5G, invite_action
2022/06/17, 06:11:13+09:00:00, C03KQB5PA58, W015P0H9M6F, invite_action
2022/06/17, 06:13:11+09:00:00, C03HEF9E51U, W016CK0MC8Y, invite_action
2022/06/17, 06:14:41+09:00:00, C03KV8Y6751, W01581VMXQF, invite_action
2022/06/17, 06:15:41+09:00:00, C03KGEJ7H7H, W01581UP0DV, invite_action
2022/06/17, 06:16:25+09:00:00, C03L8FV8FUH, W015P0H9M6F, invite_action
2022/06/17, 06:16:39+09:00:00, C03KYUH442G, W015G25H4Q6, invite_action
2022/06/17, 06:21:45+09:00:00, C03J9GP553R, W015NPU5P5G, invite_action
2022/06/17, 06:25:23+09:00:00, C03KV8Y6751, W016CJUQ72L, invite_action
2022/06/17, 07:37:55+09:00:00, C03KL59RG04, W015UV4M55J, invite_action
2022/06/17, 07:42:00+09:00:00, C03LBG5A7BK, W015G26R8CW, invite_action
2022/06/17, 07:42:25+09:00:00, C03HEF9E51U, W015G26R8CW, invite_action
2022/06/17, 07:43:03+09:00:00, C03KA11PVH7, W015G26R8CW, invite_action
2022/06/17, 07:49:50+09:00:00, C03HEF9E51U, W0161CMPFND, invite_action
2022/06/17, 07:50:07+09:00:00, C03KQB5PA58, W0161CMPFND, invite_action
2022/06/17, 07:55:19+09:00:00, C03KGEJ7H7H, W016CJYPQRW, invite_action
2022/06/17, 08:00:06+09:00:00, C03J9GP553R, W016CJUQ72L, invite_action
2022/06/17, 08:00:07+09:00:00, G01797716SF, W016CJUQ72L, invite_action
2022/06/17, 08:00:11+09:00:00, C03KA11PVH7, W016CJUQ72L, invite_action
2022/06/17, 08:00:16+09:00:00, C03KWFZTH26, W016CJUQ72L, invite_action
2022/06/17, 08:00:22+09:00:00, C03KQB5PA58, W016CJUQ72L, invite_action
2022/06/17, 08:00:33+09:00:00, C03KGB0FBJT, W016CJUQ72L, invite_action
2022/06/17, 08:00:52+09:00:00, C03L8FV8FUH, W016CJUQ72L, invite_action
2022/06/17, 08:33:22+09:00:00, C03LBG5A7BK, W015MCPN129, invite_action
2022/06/17, 08:34:19+09:00:00, C03KA11PVH7, W015MCPN129, invite_action
2022/06/17, 11:44:13+09:00:00, C03KV8Y6751, W0161CLNWJD, invite_action
2022/06/17, 12:54:57+09:00:00, C03LBG5A7BK, W015NPSJ7V0, invite_action
2022/06/17, 12:54:57+09:00:00, C03LBG5A7BK, W015NPSJ7V0, invite_action
2022/06/17, 13:43:37+09:00:00, C03LBG5A7BK, W015UV65CMA, invite_action
2022/06/17, 13:43:37+09:00:00, C03LBG5A7BK, W015UV65CMA, invite_action
2022/06/17, 17:45:33+09:00:00, C03LBG5A7BK, W015MCPLGLV, invite_action
2022/06/17, 17:45:33+09:00:00, C03LBG5A7BK, W015MCPLGLV, invite_action
2022/06/18, 06:02:59+09:00:00, C03HEF9E51U, W015UV3406Q, invite_action
2022/06/18, 06:02:59+09:00:00, C03LBG5A7BK, W015UV3406Q, invite_action
2022/06/18, 09:39:10+09:00:00, C03KWFZTH26, W015G26R8CW, invite_action
2022/06/18, 15:07:47+09:00:00, C03L8FV8FUH, W015UV1E760, invite_action
2022/06/18, 15:09:19+09:00:00, C03HEF9E51U, W015UV1E760, invite_action
2022/06/18, 15:11:01+09:00:00, C03KWFZTH26, W015UV1E760, invite_action
2022/06/18, 15:11:34+09:00:00, C03KA11PVH7, W015UV1E760, invite_action
2022/06/19, 05:37:46+09:00:00, C03KV8Y6751, W0161CNH47K, invite_action
2022/06/19, 05:40:15+09:00:00, C03KGB0FBJT, W0161CNH47K, invite_action
2022/06/19, 05:41:15+09:00:00, C03HEF9E51U, W0161CNH47K, invite_action
2022/06/19, 06:41:18+09:00:00, C03KGB0FBJT, W0161CMPFND, invite_action
2022/06/19, 06:41:18+09:00:00, C03KGB0FBJT, W0161CMPFND, invite_action
2022/06/19, 06:52:39+09:00:00, C03LBG5A7BK, W01582278HM, invite_action
2022/06/19, 06:52:39+09:00:00, C03LBG5A7BK, W01582278HM, invite_action
2022/06/19, 06:56:31+09:00:00, C03HEF9E51U, W01582278HM, invite_action
2022/06/19, 06:57:37+09:00:00, C03KV8Y6751, W01582278HM, invite_action
2022/06/19, 06:59:16+09:00:00, C03F7FA69T7, U03A3USC3MW, make
2022/06/19, 06:59:52+09:00:00, C03KGB0FBJT, W015UUYTE20, invite_action
2022/06/19, 07:00:06+09:00:00, C03KXGF1F1R, W0161CMPFND, invite_action
2022/06/19, 07:00:35+09:00:00, C03KWFZTH26, W01582278HM, invite_action
2022/06/19, 07:01:00+09:00:00, C03KGEJ7H7H, W015UUYTE20, invite_action
2022/06/19, 07:02:51+09:00:00, C03KXGF1F1R, W01582278HM, invite_action
2022/06/19, 07:03:21+09:00:00, C03J9GP553R, W015UUYTE20, invite_action
2022/06/19, 07:03:24+09:00:00, G01797716SF, W015UUYTE20, invite_action
2022/06/19, 07:03:25+09:00:00, C03KQB5PA58, W01582278HM, invite_action
2022/06/19, 07:03:25+09:00:00, C03KA11PVH7, W015UUYTE20, invite_action
2022/06/19, 07:03:30+09:00:00, C03KWFZTH26, W015UUYTE20, invite_action
2022/06/19, 07:03:32+09:00:00, C03HEF9E51U, W015UUYTE20, invite_action
2022/06/19, 07:03:33+09:00:00, C03KYUH442G, W015UUYTE20, invite_action
2022/06/19, 07:03:45+09:00:00, C03KQB5PA58, W015UUYTE20, invite_action
2022/06/19, 07:03:55+09:00:00, C03LBG5A7BK, W015UUYTE20, invite_action
2022/06/19, 07:03:56+09:00:00, C03KL59RG04, W015UUYTE20, invite_action
2022/06/19, 07:03:58+09:00:00, C03L8FV8FUH, W015UUYTE20, invite_action
2022/06/19, 07:03:59+09:00:00, C03KV8Y6751, W015UUYTE20, invite_action
2022/06/19, 07:04:02+09:00:00, C03KXGF1F1R, W015UUYTE20, invite_action
2022/06/19, 07:09:59+09:00:00, C03KXGF1F1R, U039BG06MNE, invite_action
2022/06/19, 07:33:24+09:00:00, C03KQB5PA58, W015MCPLGLV, invite_action
2022/06/19, 07:44:19+09:00:00, C03HEF9E51U, W015UUZ8W8L, invite_action
2022/06/19, 07:45:54+09:00:00, C03KXGF1F1R, W015MCMBR0D, invite_action
2022/06/19, 08:06:52+09:00:00, C03KYUH442G, W01581UQLSK, invite_action
2022/06/19, 08:07:50+09:00:00, C03HEF9E51U, W01581UQLSK, invite_action
2022/06/19, 08:07:51+09:00:00, C03KGEJ7H7H, W015P0GTWLB, invite_action
2022/06/19, 08:08:15+09:00:00, G01797716SF, W01581UQLSK, invite_action
2022/06/19, 08:10:13+09:00:00, C03KWFZTH26, W015P0GTWLB, invite_action
2022/06/19, 08:18:48+09:00:00, C03KXGF1F1R, W015UV0CYG4, invite_action
2022/06/19, 08:37:21+09:00:00, C03KXGF1F1R, W015G294ABY, invite_action
2022/06/19, 08:42:27+09:00:00, C03KXGF1F1R, W01581UP0DV, invite_action
2022/06/19, 09:06:26+09:00:00, C03KV8Y6751, W015G294ABY, invite_action
2022/06/19, 09:06:26+09:00:00, C03KV8Y6751, W015G294ABY, invite_action
2022/06/19, 09:09:43+09:00:00, C03KQB5PA58, W015UUZ8W8L, invite_action
2022/06/19, 09:10:55+09:00:00, C03KL59RG04, W015UUZ8W8L, invite_action
2022/06/19, 09:14:51+09:00:00, C03KXGF1F1R, W015NPU5P5G, invite_action
2022/06/19, 09:26:11+09:00:00, C03KXGF1F1R, W015MCM3SG5, invite_action
2022/06/19, 10:32:42+09:00:00, C03KV8Y6751, W015G26BAMU, invite_action
2022/06/19, 10:32:42+09:00:00, C03KV8Y6751, W015G26BAMU, invite_action
2022/06/19, 10:56:05+09:00:00, C03KXGF1F1R, W015NPRLRFC, invite_action
2022/06/19, 11:35:24+09:00:00, C03KXGF1F1R, W015UUZDQ5S, invite_action
2022/06/19, 11:35:52+09:00:00, C03KV8Y6751, W015UUZDQ5S, invite_action
2022/06/19, 11:37:00+09:00:00, C03KGB0FBJT, W015UUZDQ5S, invite_action
2022/06/19, 11:37:14+09:00:00, C03KQB5PA58, W015UUZDQ5S, invite_action
2022/06/19, 11:37:22+09:00:00, C03KWFZTH26, W015UUZDQ5S, invite_action
2022/06/19, 11:38:10+09:00:00, C03J9GP553R, W015UUZDQ5S, invite_action
2022/06/19, 12:10:59+09:00:00, C03KQB5PA58, W015NPSRA6N, invite_action
2022/06/19, 12:30:18+09:00:00, C03KXGF1F1R, W0161CN7QKB, invite_action
2022/06/19, 12:30:18+09:00:00, C03KXGF1F1R, W0161CN7QKB, invite_action
2022/06/19, 13:36:47+09:00:00, C03KXGF1F1R, W015P0GNTM1, invite_action
2022/06/19, 13:37:30+09:00:00, C03KYUH442G, W015P0GNTM1, invite_action
2022/06/19, 13:54:36+09:00:00, C03KXGF1F1R, W0161CLNWJD, invite_action
2022/06/19, 13:54:36+09:00:00, C03KXGF1F1R, W0161CLNWJD, invite_action
2022/06/19, 14:41:30+09:00:00, C03KA11PVH7, U03A3USC3MW, invite_action
2022/06/19, 14:41:30+09:00:00, C03KA11PVH7, U03A3USC3MW, invite_action
2022/06/19, 14:43:08+09:00:00, C03J9GP553R, U03A3USC3MW, invite_action
2022/06/19, 15:54:20+09:00:00, C03J9GP553R, W0161CNJXQR, invite_action
2022/06/19, 15:54:20+09:00:00, C03J9GP553R, W0161CNJXQR, invite_action
2022/06/19, 23:43:15+09:00:00, C03KXGF1F1R, U039XCLURHA, invite_action
2022/06/19, 23:43:15+09:00:00, C03KXGF1F1R, U039XCLURHA, invite_action
2022/06/19, 23:44:55+09:00:00, C03KL59RG04, U039XCLURHA, invite_action
2022/06/19, 23:45:24+09:00:00, C03KYUH442G, U039XCLURHA, invite_action
2022/06/19, 23:50:44+09:00:00, C03HEF9E51U, U03A7LKGV1P, invite_action
2022/06/19, 23:51:12+09:00:00, C03J9GP553R, U03A7LKGV1P, invite_action
2022/06/20, 00:25:09+09:00:00, G01797716SF, W015UV1E760, invite_action
2022/06/20, 00:25:09+09:00:00, G01797716SF, W015UV1E760, invite_action
2022/06/20, 00:25:09+09:00:00, G01797716SF, W015UV1E760, invite_action
2022/06/20, 00:29:35+09:00:00, C03KL59RG04, W015UV1E760, invite_action
2022/06/20, 00:33:12+09:00:00, C03KXGF1F1R, W015P0G1F99, invite_action
2022/06/20, 00:33:34+09:00:00, C03L8FV8FUH, W015P0G1F99, invite_action
2022/06/20, 01:21:31+09:00:00, C03KYUH442G, W015UV3KGGL, invite_action
2022/06/20, 01:52:16+09:00:00, C03LBG5A7BK, U03A7LKGV1P, invite_action
2022/06/20, 02:01:28+09:00:00, C03KXGF1F1R, W015UV6M1RS, invite_action
2022/06/20, 02:01:45+09:00:00, C03KQB5PA58, W015UV6M1RS, invite_action
2022/06/20, 02:14:08+09:00:00, C03KXGF1F1R, W01581V978X, invite_action
2022/06/20, 02:14:08+09:00:00, C03KXGF1F1R, W01581V978X, invite_action
2022/06/20, 02:14:30+09:00:00, C03KV8Y6751, W01581V978X, invite_action
2022/06/20, 02:15:17+09:00:00, C03L8FV8FUH, W01581V978X, invite_action
2022/06/20, 02:15:32+09:00:00, C03KL59RG04, W01581V978X, invite_action
2022/06/20, 02:15:35+09:00:00, C03LBG5A7BK, W01581V978X, invite_action
2022/06/20, 02:15:38+09:00:00, C03KGEJ7H7H, W01581V978X, invite_action
2022/06/20, 02:15:42+09:00:00, C03KGB0FBJT, W01581V978X, invite_action
2022/06/20, 02:15:45+09:00:00, C03KQB5PA58, W01581V978X, invite_action
2022/06/20, 02:15:48+09:00:00, C03KYUH442G, W01581V978X, invite_action
2022/06/20, 02:16:12+09:00:00, C03HEF9E51U, W01581V978X, invite_action
2022/06/20, 02:16:16+09:00:00, C03KA11PVH7, W015UV4C61J, invite_action
2022/06/20, 02:16:31+09:00:00, C03KWFZTH26, W01581V978X, invite_action
2022/06/20, 02:16:40+09:00:00, C03KA11PVH7, W01581V978X, invite_action
2022/06/20, 02:16:41+09:00:00, G01797716SF, W01581V978X, invite_action
2022/06/20, 02:16:43+09:00:00, C03J9GP553R, W01581V978X, invite_action
2022/06/20, 02:20:58+09:00:00, C03KXGF1F1R, W01581YG207, invite_action
2022/06/20, 02:30:05+09:00:00, C03KXGF1F1R, W0161CUKNCR, invite_action
2022/06/20, 02:52:35+09:00:00, C03KGB0FBJT, W0158212G0P, invite_action
2022/06/20, 02:52:35+09:00:00, C03KGB0FBJT, W0158212G0P, invite_action
2022/06/20, 02:56:47+09:00:00, C03KXGF1F1R, W015UV6UMM2, invite_action
2022/06/20, 02:58:11+09:00:00, C03KV8Y6751, W01581YG207, invite_action
2022/06/20, 03:00:58+09:00:00, C03KXGF1F1R, W015P0NFSJX, invite_action
2022/06/20, 03:01:01+09:00:00, C03KXGF1F1R, W016CJZ3DB2, invite_action
2022/06/20, 03:05:39+09:00:00, C03HEF9E51U, W015NPS5GUA, invite_action
2022/06/20, 03:07:40+09:00:00, C03KXGF1F1R, W015G29SB0W, invite_action
2022/06/20, 03:08:21+09:00:00, C03KV8Y6751, W015G29SB0W, invite_action
2022/06/20, 03:13:35+09:00:00, C03KL59RG04, W015G29SB0W, invite_action
2022/06/20, 03:14:48+09:00:00, C03KA11PVH7, W015G29SB0W, invite_action
2022/06/20, 03:16:43+09:00:00, C03KXGF1F1R, W01581VHA15, invite_action
2022/06/20, 03:16:52+09:00:00, G01797716SF, W015P0GNTM1, invite_action
2022/06/20, 03:16:56+09:00:00, C03J9GP553R, W015P0GNTM1, invite_action
2022/06/20, 03:43:23+09:00:00, C03LBG5A7BK, W016CK0KW5N, invite_action
2022/06/20, 03:49:09+09:00:00, C03L8FV8FUH, W016CK0KW5N, invite_action
2022/06/20, 03:51:12+09:00:00, C03KXGF1F1R, W016CK0KW5N, invite_action
2022/06/20, 03:51:49+09:00:00, C03KL59RG04, W016CJZ3DB2, invite_action
2022/06/20, 03:52:38+09:00:00, C03J9GP553R, W016CK0KW5N, invite_action
2022/06/20, 03:52:57+09:00:00, G01797716SF, W016CK0KW5N, invite_action
2022/06/20, 03:53:50+09:00:00, C03J9GP553R, W016CJZ3DB2, invite_action
2022/06/20, 03:54:11+09:00:00, C03KA11PVH7, W016CK0KW5N, invite_action
2022/06/20, 03:54:21+09:00:00, G01797716SF, W016CJZ3DB2, invite_action
2022/06/20, 03:54:23+09:00:00, C03KA11PVH7, W016CJZ3DB2, invite_action
2022/06/20, 03:54:26+09:00:00, C03KWFZTH26, W016CJZ3DB2, invite_action
2022/06/20, 03:54:32+09:00:00, C03HEF9E51U, W016CJZ3DB2, invite_action
2022/06/20, 03:54:33+09:00:00, C03KYUH442G, W016CJZ3DB2, invite_action
2022/06/20, 03:55:16+09:00:00, C03KQB5PA58, W016CJZ3DB2, invite_action
2022/06/20, 03:55:18+09:00:00, C03KGB0FBJT, W016CJZ3DB2, invite_action
2022/06/20, 03:55:19+09:00:00, C03KGEJ7H7H, W016CJZ3DB2, invite_action
2022/06/20, 03:55:20+09:00:00, C03LBG5A7BK, W016CJZ3DB2, invite_action
2022/06/20, 03:55:24+09:00:00, C03L8FV8FUH, W016CJZ3DB2, invite_action
2022/06/20, 03:55:25+09:00:00, C03KV8Y6751, W016CJZ3DB2, invite_action
2022/06/20, 03:55:26+09:00:00, C03KV8Y6751, W015P0NFSJX, invite_action
2022/06/20, 03:55:34+09:00:00, C03L8FV8FUH, W015P0NFSJX, invite_action
2022/06/20, 03:55:38+09:00:00, C03KL59RG04, W015P0NFSJX, invite_action
2022/06/20, 03:55:40+09:00:00, C03LBG5A7BK, W015P0NFSJX, invite_action
2022/06/20, 03:55:51+09:00:00, C03KGEJ7H7H, W015P0NFSJX, invite_action
2022/06/20, 03:55:55+09:00:00, C03KGB0FBJT, W015P0NFSJX, invite_action
2022/06/20, 03:55:58+09:00:00, C03KQB5PA58, W015P0NFSJX, invite_action
2022/06/20, 03:56:03+09:00:00, C03KYUH442G, W015P0NFSJX, invite_action
2022/06/20, 03:56:10+09:00:00, C03HEF9E51U, W015P0NFSJX, invite_action
2022/06/20, 03:56:13+09:00:00, C03KWFZTH26, W015P0NFSJX, invite_action
2022/06/20, 03:56:17+09:00:00, C03KA11PVH7, W015P0NFSJX, invite_action
2022/06/20, 03:56:19+09:00:00, G01797716SF, W015P0NFSJX, invite_action
2022/06/20, 03:56:21+09:00:00, C03J9GP553R, W015P0NFSJX, invite_action
2022/06/20, 03:57:55+09:00:00, C03KWFZTH26, W016CK0KW5N, invite_action
2022/06/20, 03:58:27+09:00:00, C03HEF9E51U, W016CK0KW5N, invite_action
2022/06/20, 03:58:32+09:00:00, C03KYUH442G, W016CK0KW5N, invite_action
2022/06/20, 03:58:35+09:00:00, C03KQB5PA58, W016CK0KW5N, invite_action
2022/06/20, 03:58:43+09:00:00, C03KGB0FBJT, W016CK0KW5N, invite_action
2022/06/20, 03:58:46+09:00:00, C03KGEJ7H7H, W016CK0KW5N, invite_action
2022/06/20, 03:58:55+09:00:00, C03KL59RG04, W016CK0KW5N, invite_action
2022/06/20, 03:59:00+09:00:00, C03KV8Y6751, W016CK0KW5N, invite_action
2022/06/20, 03:59:13+09:00:00, C03KXGF1F1R, W015820NTJT, invite_action
2022/06/20, 04:26:13+09:00:00, C03KXGF1F1R, W015G2C482J, invite_action
2022/06/20, 04:48:05+09:00:00, C03KV8Y6751, W015P0GNTM1, invite_action
2022/06/20, 04:48:05+09:00:00, C03KV8Y6751, W015P0GNTM1, invite_action
2022/06/20, 04:48:05+09:00:00, C03L8FV8FUH, W015P0GNTM1, invite_action
2022/06/20, 04:48:05+09:00:00, C03KGEJ7H7H, W015P0GNTM1, invite_action
2022/06/20, 04:48:07+09:00:00, C03LBG5A7BK, W015P0GNTM1, invite_action
2022/06/20, 04:51:13+09:00:00, C03KGB0FBJT, W015P0GNTM1, invite_action
2022/06/20, 04:57:44+09:00:00, C03KGEJ7H7H, W015UV5JTJQ, invite_action
2022/06/20, 05:22:51+09:00:00, C03KL59RG04, W015G259F7G, invite_action
2022/06/20, 05:22:51+09:00:00, C03KQB5PA58, W015G259F7G, invite_action
2022/06/20, 05:22:51+09:00:00, C03KGEJ7H7H, W015G259F7G, invite_action
2022/06/20, 05:23:26+09:00:00, C03KQB5PA58, W015MCMBR0D, invite_action
2022/06/20, 05:25:23+09:00:00, C03KV8Y6751, W015G259F7G, invite_action
2022/06/20, 05:59:27+09:00:00, C03L8FV8FUH, U039BG06MNE, invite_action
2022/06/20, 05:59:27+09:00:00, C03KV8Y6751, U039BG06MNE, invite_action
2022/06/20, 06:12:23+09:00:00, C03KYUH442G, W0161CU5UPK, invite_action
2022/06/20, 06:12:23+09:00:00, C03KYUH442G, W0161CU5UPK, invite_action
2022/06/20, 06:39:55+09:00:00, C03KWFZTH26, W0161CN4X5X, invite_action
2022/06/20, 06:40:02+09:00:00, C03KWFZTH26, W015NPS5GUA, invite_action
2022/06/20, 06:49:01+09:00:00, C03KGB0FBJT, W015NPSKWAW, invite_action
2022/06/20, 06:50:10+09:00:00, C03KQB5PA58, W015NPSKWAW, invite_action
2022/06/20, 06:54:27+09:00:00, C03HEF9E51U, W015NPSKWAW, invite_action
2022/06/20, 07:57:55+09:00:00, G01797716SF, W015G26R8CW, invite_action
2022/06/20, 07:57:55+09:00:00, G01797716SF, W015G26R8CW, invite_action
2022/06/20, 07:58:46+09:00:00, C03KXGF1F1R, W016CK49M96, invite_action
2022/06/20, 08:51:02+09:00:00, C03KGB0FBJT, W015MCLUYUD, invite_action
2022/06/20, 08:59:35+09:00:00, C03KXGF1F1R, W016CJYJ5UY, invite_action
2022/06/20, 09:02:06+09:00:00, C03HEF9E51U, W016CJYJ5UY, invite_action
2022/06/20, 09:53:46+09:00:00, C03KQB5PA58, W015G2C482J, invite_action
2022/06/20, 10:38:39+09:00:00, C03KGEJ7H7H, W015G259F7G, invite_action
2022/06/20, 10:38:39+09:00:00, C03KGEJ7H7H, W015G259F7G, invite_action
2022/06/20, 10:41:19+09:00:00, C03KYUH442G, W015G259F7G, invite_action
2022/06/20, 12:31:27+09:00:00, C03KYUH442G, W01581UH747, invite_action
2022/06/20, 12:31:27+09:00:00, C03HEF9E51U, W01581UH747, invite_action
2022/06/20, 12:50:16+09:00:00, C03KYUH442G, W015UV091GU, invite_action
2022/06/20, 12:54:52+09:00:00, C03HEF9E51U, W0161CU7VR7, invite_action
2022/06/20, 12:56:05+09:00:00, C03KQB5PA58, W0161CU7VR7, invite_action
2022/06/20, 12:58:51+09:00:00, C03KV8Y6751, W0161CU7VR7, invite_action
2022/06/20, 13:02:07+09:00:00, C03LBG5A7BK, W0161CU7VR7, invite_action
2022/06/20, 13:03:06+09:00:00, C03KYUH442G, W0161CU7VR7, invite_action
2022/06/20, 13:04:41+09:00:00, C03KXGF1F1R, W0161CU7VR7, invite_action
2022/06/20, 13:16:28+09:00:00, C03KWFZTH26, W0161CU7VR7, invite_action
2022/06/20, 15:11:25+09:00:00, C03J9GP553R, U03A3USC3MW, invite_action
2022/06/20, 15:12:25+09:00:00, G01797716SF, U03A3USC3MW, invite_action
2022/06/20, 15:29:01+09:00:00, C03KXGF1F1R, W0161CNJXQR, invite_action
2022/06/20, 15:30:20+09:00:00, C03KQB5PA58, W0161CNJXQR, invite_action
2022/06/20, 15:30:40+09:00:00, C03HEF9E51U, W0161CNJXQR, invite_action
2022/06/20, 15:33:00+09:00:00, C03KA11PVH7, U03A3USC3MW, invite_action
2022/06/20, 15:39:22+09:00:00, C03KWFZTH26, U03A3USC3MW, invite_action
2022/06/20, 15:45:27+09:00:00, C03HEF9E51U, U03A3USC3MW, invite_action
2022/06/20, 16:12:46+09:00:00, C03KYUH442G, U03A3USC3MW, invite_action
2022/06/20, 16:12:46+09:00:00, C03KYUH442G, U03A3USC3MW, invite_action
2022/06/20, 16:18:30+09:00:00, C03KQB5PA58, U03A3USC3MW, invite_action
2022/06/20, 16:22:34+09:00:00, C03KGB0FBJT, U03A3USC3MW, invite_action
2022/06/20, 16:23:06+09:00:00, C03KGEJ7H7H, U03A3USC3MW, invite_action
2022/06/20, 16:23:45+09:00:00, C03LBG5A7BK, U03A3USC3MW, invite_action
2022/06/20, 16:24:21+09:00:00, C03KL59RG04, U03A3USC3MW, invite_action
2022/06/20, 16:24:49+09:00:00, C03L8FV8FUH, U03A3USC3MW, invite_action
2022/06/20, 16:25:12+09:00:00, C03KV8Y6751, U03A3USC3MW, invite_action
2022/06/20, 17:14:17+09:00:00, C03KGEJ7H7H, W01581VMXQF, invite_action
2022/06/20, 17:14:17+09:00:00, C03KGEJ7H7H, W01581VMXQF, invite_action
2022/06/21, 01:42:54+09:00:00, C03HEF9E51U, W015NPRMTK4, invite_action
2022/06/21, 03:35:52+09:00:00, C03KQB5PA58, W015NPRMTK4, invite_action
2022/06/21, 03:38:35+09:00:00, C03LBG5A7BK, W015NPRMTK4, invite_action
2022/06/21, 03:38:53+09:00:00, C03KGEJ7H7H, W015NPRMTK4, invite_action
2022/06/21, 06:33:38+09:00:00, G01797716SF, W015UV3406Q, invite_action
2022/06/21, 07:05:32+09:00:00, C03KXGF1F1R, W015UV30GR2, invite_action
2022/06/21, 07:05:33+09:00:00, C03KYUH442G, W015UV30GR2, invite_action
2022/06/21, 07:21:16+09:00:00, C03L8FV8FUH, W0161CN7QKB, invite_action
2022/06/21, 07:22:06+09:00:00, C03KGB0FBJT, W0161CN7QKB, invite_action
2022/06/21, 07:22:12+09:00:00, C03HEF9E51U, W0161CN7QKB, invite_action
2022/06/21, 07:22:18+09:00:00, C03KWFZTH26, W0161CN7QKB, invite_action
2022/06/21, 07:27:02+09:00:00, C03KL59RG04, W015NPRLRFC, invite_action
2022/06/21, 07:36:57+09:00:00, C03KA11PVH7, W0161CN7QKB, invite_action
2022/06/21, 08:32:51+09:00:00, C03L8FV8FUH, W015G28N0GN, invite_action
2022/06/21, 08:32:51+09:00:00, C03L8FV8FUH, W015G28N0GN, invite_action
2022/06/21, 09:18:12+09:00:00, C03KXGF1F1R, W015UV65CMA, invite_action
2022/06/21, 09:18:12+09:00:00, C03KXGF1F1R, W015UV65CMA, invite_action
2022/06/21, 10:42:17+09:00:00, C03KXGF1F1R, W015G25K23Y, invite_action
2022/06/21, 10:42:17+09:00:00, C03KXGF1F1R, W015G25K23Y, invite_action
2022/06/21, 10:55:40+09:00:00, C03KGB0FBJT, W015G25K23Y, invite_action
2022/06/21, 11:00:45+09:00:00, C03LBG5A7BK, W015G25K23Y, invite_action
2022/06/21, 23:59:35+09:00:00, C03L8FV8FUH, W0161CU7VR7, invite_action
2022/06/21, 23:59:35+09:00:00, C03L8FV8FUH, W0161CU7VR7, invite_action
2022/06/22, 00:11:39+09:00:00, C03KXGF1F1R, W01581WSB3R, invite_action
2022/06/22, 00:57:43+09:00:00, C03J9GP553R, W015MCTDVJR, invite_action
2022/06/22, 01:13:48+09:00:00, C03KXGF1F1R, W01581VK17Z, invite_action
2022/06/22, 02:30:16+09:00:00, C03L8FV8FUH, W01581WU6R5, invite_action
2022/06/22, 02:30:16+09:00:00, C03L8FV8FUH, W01581WU6R5, invite_action
2022/06/22, 02:30:16+09:00:00, C03L8FV8FUH, W01581WU6R5, invite_action
2022/06/22, 02:36:28+09:00:00, G01797716SF, W015MCTDVJR, invite_action
2022/06/22, 02:36:31+09:00:00, C03KA11PVH7, W015MCTDVJR, invite_action
2022/06/22, 02:36:39+09:00:00, C03KWFZTH26, W015MCTDVJR, invite_action
2022/06/22, 02:36:42+09:00:00, C03HEF9E51U, W015MCTDVJR, invite_action
2022/06/22, 02:36:46+09:00:00, C03KYUH442G, W015MCTDVJR, invite_action
2022/06/22, 02:44:29+09:00:00, C03KGEJ7H7H, W015MCPN129, invite_action
2022/06/22, 03:03:45+09:00:00, C03J9GP553R, W015G28UYG6, invite_action
2022/06/22, 03:05:16+09:00:00, C03KXGF1F1R, W015G28UYG6, invite_action
2022/06/22, 03:05:54+09:00:00, C03KQB5PA58, W015G28UYG6, invite_action
2022/06/22, 03:06:02+09:00:00, C03HEF9E51U, W015G28UYG6, invite_action
2022/06/22, 03:39:58+09:00:00, C03L8FV8FUH, W015P0H0HMZ, invite_action
2022/06/22, 03:39:59+09:00:00, C03L8FV8FUH, W015P0H0HMZ, invite_action
2022/06/22, 03:39:59+09:00:00, C03L8FV8FUH, W015P0H0HMZ, invite_action
2022/06/22, 03:40:12+09:00:00, C03KL59RG04, W015P0H0HMZ, invite_action
2022/06/22, 03:59:51+09:00:00, C03KV8Y6751, W015G25K23Y, invite_action
2022/06/22, 03:59:51+09:00:00, C03HEF9E51U, W015G25K23Y, invite_action
2022/06/22, 05:55:40+09:00:00, C03KGB0FBJT, W0161CN9KDX, invite_action
2022/06/22, 07:24:36+09:00:00, C03HEF9E51U, W015P0H9M6F, invite_action
2022/06/22, 07:24:36+09:00:00, C03HEF9E51U, W015P0H9M6F, invite_action
2022/06/22, 07:24:36+09:00:00, C03HEF9E51U, W015P0H9M6F, invite_action
2022/06/22, 07:25:30+09:00:00, C03KGEJ7H7H, W015P0H9M6F, invite_action
2022/06/22, 07:34:26+09:00:00, C03KXGF1F1R, W015UUZNVEG, invite_action
2022/06/22, 07:36:47+09:00:00, C03KV8Y6751, W016CJUQ72L, invite_action
2022/06/22, 07:45:34+09:00:00, C03KGB0FBJT, W01581UP0DV, invite_action
2022/06/22, 07:45:41+09:00:00, C03KQB5PA58, W01581UP0DV, invite_action
2022/06/22, 09:21:46+09:00:00, C03J9GP553R, W0161CR617B, invite_action
2022/06/22, 09:28:48+09:00:00, C03HEF9E51U, W015G294ABY, invite_action
2022/06/22, 09:37:52+09:00:00, C03KQB5PA58, W0161CRGKC1, invite_action
2022/06/22, 09:50:49+09:00:00, C03KV8Y6751, W0161CRGKC1, invite_action
2022/06/22, 09:50:49+09:00:00, C03L8FV8FUH, W0161CRGKC1, invite_action
2022/06/22, 09:55:21+09:00:00, C03KXGF1F1R, W015NPSJ7V0, invite_action
2022/06/22, 10:02:32+09:00:00, C03KGB0FBJT, W0161CRGKC1, invite_action
2022/06/22, 12:58:08+09:00:00, C03HEF9E51U, W015MCPLGLV, invite_action
2022/06/22, 14:22:19+09:00:00, C03KXGF1F1R, W015MCPLGLV, invite_action
2022/06/22, 14:44:08+09:00:00, C03KV8Y6751, W015MCPLGLV, invite_action
2022/06/22, 14:52:47+09:00:00, C03L8FV8FUH, W015MCPLGLV, invite_action
2022/06/22, 14:53:00+09:00:00, C03KGEJ7H7H, W015MCPLGLV, invite_action
2022/06/22, 15:18:35+09:00:00, C03KGB0FBJT, W015MCPLGLV, invite_action
2022/06/22, 15:18:35+09:00:00, C03KYUH442G, W015MCPLGLV, invite_action
2022/06/22, 15:19:52+09:00:00, C03KV8Y6751, W015UV3ED6Y, invite_action
2022/06/22, 18:25:43+09:00:00, C03KV8Y6751, U03A3USC3MW, invite_action
2022/06/22, 18:26:48+09:00:00, C03L8FV8FUH, U03A3USC3MW, invite_action
2022/06/22, 18:27:41+09:00:00, C03KL59RG04, U03A3USC3MW, invite_action
2022/06/22, 18:29:45+09:00:00, C03LBG5A7BK, U03A3USC3MW, invite_action
2022/06/22, 18:30:13+09:00:00, C03KGEJ7H7H, U03A3USC3MW, invite_action
2022/06/22, 18:31:00+09:00:00, C03KGB0FBJT, U03A3USC3MW, invite_action
2022/06/22, 18:34:13+09:00:00, C03KQB5PA58, U03A3USC3MW, invite_action
2022/06/22, 18:35:09+09:00:00, C03KYUH442G, U03A3USC3MW, invite_action
2022/06/22, 18:35:43+09:00:00, C03HEF9E51U, U03A3USC3MW, invite_action
2022/06/22, 18:39:12+09:00:00, C03KWFZTH26, U03A3USC3MW, invite_action
2022/06/22, 18:42:40+09:00:00, C03KA11PVH7, U03A3USC3MW, invite_action
2022/06/22, 18:43:07+09:00:00, G01797716SF, U03A3USC3MW, invite_action
2022/06/22, 18:49:39+09:00:00, C03J9GP553R, U03A3USC3MW, invite_action
2022/06/22, 19:02:38+09:00:00, C03KA11PVH7, U03A3USC3MW, invite_action
2022/06/22, 19:02:38+09:00:00, C03KA11PVH7, U03A3USC3MW, invite_action
2022/06/22, 19:03:43+09:00:00, C03KV8Y6751, U03A3USC3MW, invite_action
2022/06/22, 19:04:19+09:00:00, C03L8FV8FUH, U03A3USC3MW, invite_action
2022/06/22, 19:04:52+09:00:00, C03KL59RG04, U03A3USC3MW, invite_action
2022/06/22, 19:05:20+09:00:00, C03KA11PVH7, U03A3USC3MW, invite_action
2022/06/22, 19:05:50+09:00:00, G01797716SF, U03A3USC3MW, invite_action
2022/06/22, 19:06:41+09:00:00, C03LBG5A7BK, U03A3USC3MW, invite_action
2022/06/22, 19:07:01+09:00:00, C03KGEJ7H7H, U03A3USC3MW, invite_action
2022/06/22, 19:08:16+09:00:00, C03KGB0FBJT, U03A3USC3MW, invite_action
2022/06/23, 00:56:03+09:00:00, G01797716SF, W015UV4C61J, invite_action
2022/06/23, 00:56:03+09:00:00, G01797716SF, W015UV4C61J, invite_action
2022/06/23, 03:35:13+09:00:00, C03KQB5PA58, W0161CN7QKB, invite_action
2022/06/23, 03:35:13+09:00:00, C03KQB5PA58, W0161CN7QKB, invite_action
2022/06/23, 03:35:13+09:00:00, C03KQB5PA58, W0161CN7QKB, invite_action
2022/06/23, 03:39:14+09:00:00, C03KYUH442G, W015UV65CMA, invite_action
2022/06/23, 04:08:58+09:00:00, C03KYUH442G, W015NPRMTK4, invite_action
2022/06/23, 04:08:58+09:00:00, C03KXGF1F1R, W015NPRMTK4, invite_action
2022/06/23, 04:08:58+09:00:00, C03KYUH442G, W015NPRMTK4, invite_action
2022/06/23, 04:14:54+09:00:00, C03KA11PVH7, W015NPRMTK4, invite_action
2022/06/23, 04:37:12+09:00:00, C03KYUH442G, W015UUZ8W8L, invite_action
2022/06/23, 04:37:27+09:00:00, C03KA11PVH7, W015UUZ8W8L, invite_action
2022/06/23, 04:44:03+09:00:00, C03KV8Y6751, W015MCM3SG5, invite_action
2022/06/23, 13:41:10+09:00:00, C03KQB5PA58, W015NPSJ7V0, invite_action
2022/06/24, 00:09:24+09:00:00, C03HEF9E51U, W015G29DVNJ, invite_action
2022/06/24, 00:10:02+09:00:00, C03KYUH442G, W015G29DVNJ, invite_action
2022/06/24, 00:30:52+09:00:00, C03KQB5PA58, W015UV068TW, invite_action
2022/06/24, 01:21:50+09:00:00, C03HEF9E51U, W015UV61A1J, invite_action
2022/06/24, 01:52:06+09:00:00, C03KA11PVH7, W015NPXLCSE, invite_action
2022/06/24, 01:59:50+09:00:00, C03HEF9E51U, W015NPXLCSE, invite_action
2022/06/24, 02:00:03+09:00:00, C03KYUH442G, W015NPXLCSE, invite_action
2022/06/24, 02:03:54+09:00:00, C03KXGF1F1R, W015NPXLCSE, invite_action
2022/06/24, 02:15:43+09:00:00, C03L8FV8FUH, W0161CTAZH7, invite_action
2022/06/24, 02:41:21+09:00:00, C03KYUH442G, W015P0GTWLB, invite_action
2022/06/24, 02:41:47+09:00:00, C03KGB0FBJT, W015P0GTWLB, invite_action
2022/06/24, 02:42:22+09:00:00, C03KQB5PA58, W015P0GTWLB, invite_action
2022/06/24, 03:23:12+09:00:00, C03F7FA69T7, U02R7K9JNDD, make
2022/06/24, 03:23:34+09:00:00, C03MCEN5SF3, W016CJUQ72L, invite_action
2022/06/24, 03:26:43+09:00:00, C03MCEN5SF3, U039BG06MNE, invite_action
2022/06/24, 03:29:07+09:00:00, C03MCEN5SF3, W0161CN9KDX, invite_action
2022/06/24, 03:29:14+09:00:00, C03MCEN5SF3, W0161CNJXQR, invite_action
2022/06/24, 03:32:13+09:00:00, C03MCEN5SF3, W0161CTAZH7, invite_action
2022/06/24, 03:33:05+09:00:00, C03MCEN5SF3, W01581V978X, invite_action
2022/06/24, 03:33:58+09:00:00, C03MCEN5SF3, W015UV0CYG4, invite_action
2022/06/24, 03:39:45+09:00:00, C03KXGF1F1R, W0161CU5UPK, invite_action
2022/06/24, 03:44:54+09:00:00, C03MCEN5SF3, W015G25H4Q6, invite_action
2022/06/24, 03:48:59+09:00:00, C03MCEN5SF3, W01581YG207, invite_action
2022/06/24, 03:52:43+09:00:00, C03MCEN5SF3, W0161CLNWJD, invite_action
2022/06/24, 03:52:52+09:00:00, C03MCEN5SF3, W016CK0KW5N, invite_action
2022/06/24, 03:54:23+09:00:00, C03MCEN5SF3, W015UUYTE20, invite_action
2022/06/24, 04:14:43+09:00:00, C03MCEN5SF3, W0161CU7VR7, invite_action
2022/06/24, 04:14:43+09:00:00, C03MCEN5SF3, W0161CU7VR7, invite_action
2022/06/24, 04:20:52+09:00:00, C03MCEN5SF3, W0161CN7QKB, invite_action
2022/06/24, 04:29:52+09:00:00, C03KL59RG04, W01581YG207, invite_action
2022/06/24, 04:44:07+09:00:00, C03MCEN5SF3, W015P0GNTM1, invite_action
2022/06/24, 04:44:07+09:00:00, C03MCEN5SF3, W015P0GNTM1, invite_action
2022/06/24, 04:44:07+09:00:00, C03MCEN5SF3, W015P0GNTM1, invite_action
2022/06/24, 05:44:31+09:00:00, C03MCEN5SF3, W015MCMBR0D, invite_action
2022/06/24, 05:44:32+09:00:00, C03MCEN5SF3, W015MCMBR0D, invite_action
2022/06/24, 05:48:51+09:00:00, C03MCEN5SF3, W015P0H2GUT, invite_action
2022/06/24, 05:48:57+09:00:00, C03KXGF1F1R, W015P0H2GUT, invite_action
2022/06/24, 06:29:00+09:00:00, C03KXGF1F1R, W0161CNH47K, invite_action
2022/06/24, 06:31:18+09:00:00, C03LBG5A7BK, W0161CRN79P, invite_action
2022/06/24, 06:31:49+09:00:00, C03LBG5A7BK, W0161CNH47K, invite_action
2022/06/24, 06:33:28+09:00:00, C03KQB5PA58, W0161CNH47K, invite_action
2022/06/24, 06:59:01+09:00:00, C023H9NR3CJ, W015NPKMPRQ, make
2022/06/24, 07:00:03+09:00:00, C023H9PQL6N, W015NPKMPRQ, invite_action
2022/06/24, 07:01:00+09:00:00, C03MCEN5SF3, W01581Z7DU7, invite_action
2022/06/24, 07:01:18+09:00:00, C03KV8Y6751, W01581Z7DU7, invite_action
2022/06/24, 07:01:33+09:00:00, C03KL59RG04, W01581Z7DU7, invite_action
2022/06/24, 07:01:38+09:00:00, C03LBG5A7BK, W01581Z7DU7, invite_action
2022/06/24, 07:01:40+09:00:00, C03KGEJ7H7H, W01581Z7DU7, invite_action
2022/06/24, 07:01:46+09:00:00, C03HEF9E51U, W01581Z7DU7, invite_action
2022/06/24, 07:01:54+09:00:00, C03KA11PVH7, W01581Z7DU7, invite_action
2022/06/24, 07:05:12+09:00:00, C03MCEN5SF3, W015UV6M1RS, invite_action
2022/06/24, 07:09:48+09:00:00, C03MCEN5SF3, W016CJZ3DB2, invite_action
2022/06/24, 07:10:06+09:00:00, C03MCEN5SF3, W015P0NFSJX, invite_action
2022/06/24, 07:12:06+09:00:00, C03KV8Y6751, W015MCPN129, invite_action
2022/06/24, 07:17:41+09:00:00, C03MCEN5SF3, W015UV61A1J, invite_action
2022/06/24, 07:19:36+09:00:00, C03MCEN5SF3, W015NPSKWAW, invite_action
2022/06/24, 07:20:57+09:00:00, C03KV8Y6751, W015UV61A1J, invite_action
2022/06/24, 07:24:04+09:00:00, C03KXGF1F1R, W0161CSMGTT, invite_action
2022/06/24, 07:51:15+09:00:00, C03MCEN5SF3, W015UV65CMA, invite_action
2022/06/24, 07:51:15+09:00:00, C03KA11PVH7, W01581ZVDQF, invite_action
2022/06/24, 07:51:15+09:00:00, C03MCEN5SF3, W015UV65CMA, invite_action
2022/06/24, 07:52:15+09:00:00, C03HEF9E51U, W01581ZVDQF, invite_action
2022/06/24, 07:52:39+09:00:00, C03KGEJ7H7H, W01581ZVDQF, invite_action
2022/06/24, 07:52:41+09:00:00, C03LBG5A7BK, W01581ZVDQF, invite_action
2022/06/24, 08:02:20+09:00:00, C03MCEN5SF3, W015MCPLGLV, invite_action
2022/06/24, 08:12:40+09:00:00, C03MCEN5SF3, U03A3USC3MW, invite_action
2022/06/24, 08:40:37+09:00:00, C03MCEN5SF3, W0161CMPFND, invite_action
2022/06/24, 10:25:53+09:00:00, C03KV8Y6751, W015UUZ8W8L, invite_action
2022/06/24, 11:59:27+09:00:00, C03MCEN5SF3, W015NPRLRFC, invite_action
2022/06/24, 14:39:15+09:00:00, C03KWFZTH26, W015UV091GU, invite_action
2022/06/24, 15:16:24+09:00:00, C03KYUH442G, W015822GAS3, invite_action
2022/06/24, 15:19:24+09:00:00, C03KL59RG04, W015822GAS3, invite_action
2022/06/25, 06:24:39+09:00:00, C03MCEN5SF3, W015G2C482J, invite_action
2022/06/25, 08:53:23+09:00:00, C03KXGF1F1R, W015G24U05U, invite_action
2022/06/25, 08:53:51+09:00:00, C03KV8Y6751, W015G24U05U, invite_action
2022/06/25, 08:55:26+09:00:00, C03KWFZTH26, W015G24U05U, invite_action
2022/06/25, 11:15:43+09:00:00, C03MCEN5SF3, W015UUZDQ5S, invite_action
2022/06/25, 11:15:43+09:00:00, C03MCEN5SF3, W015UUZDQ5S, invite_action
2022/06/25, 15:25:30+09:00:00, C03MCEN5SF3, W015NPSJ7V0, invite_action
2022/06/25, 15:25:44+09:00:00, C03KV8Y6751, W015NPSJ7V0, invite_action
2022/06/25, 15:29:14+09:00:00, C03KL59RG04, W015NPSJ7V0, invite_action
2022/06/25, 23:55:03+09:00:00, C03HEF9E51U, W015UV30GR2, invite_action
2022/06/25, 23:55:03+09:00:00, C03HEF9E51U, W015UV30GR2, invite_action
2022/06/25, 23:55:03+09:00:00, C03HEF9E51U, W015UV30GR2, invite_action
2022/06/26, 01:57:45+09:00:00, C02CC164P9C, W015NPKMPRQ, issue_url
2022/06/26, 05:38:50+09:00:00, C03MCEN5SF3, W015MCM4TT7, invite_action
2022/06/26, 06:17:56+09:00:00, C03KQB5PA58, W015G29DVNJ, invite_action
2022/06/26, 06:23:48+09:00:00, C03LBG5A7BK, W015G29DVNJ, invite_action
2022/06/26, 06:25:02+09:00:00, C03L8FV8FUH, W015G29DVNJ, invite_action
2022/06/26, 06:25:09+09:00:00, C03KV8Y6751, W015G29DVNJ, invite_action
2022/06/26, 06:26:31+09:00:00, C03KXGF1F1R, W015G29DVNJ, invite_action
2022/06/26, 06:30:05+09:00:00, C03MCEN5SF3, W015G29DVNJ, invite_action
2022/06/26, 06:56:22+09:00:00, C03KV8Y6751, W015UV65CMA, invite_action
2022/06/26, 07:07:28+09:00:00, C03LBG5A7BK, W01581US8MV, invite_action
2022/06/26, 07:09:31+09:00:00, C03HEF9E51U, W01581US8MV, invite_action
2022/06/26, 07:13:43+09:00:00, C03J9GP553R, W01581US8MV, invite_action
2022/06/26, 07:16:48+09:00:00, C03KYUH442G, W01581US8MV, invite_action
2022/06/26, 07:20:04+09:00:00, C03KV8Y6751, W01581US8MV, invite_action
2022/06/26, 09:33:45+09:00:00, C03MCEN5SF3, W015MCT6HD3, invite_action
2022/06/26, 09:33:45+09:00:00, C03MCEN5SF3, W015MCT6HD3, invite_action
2022/06/26, 09:33:45+09:00:00, C03MCEN5SF3, W015MCT6HD3, invite_action
2022/06/26, 09:36:46+09:00:00, C03KXGF1F1R, W015MCT6HD3, invite_action
2022/06/26, 09:38:16+09:00:00, C03KQB5PA58, W015MCT6HD3, invite_action
2022/06/26, 11:07:29+09:00:00, C03MCEN5SF3, W015NPXDEAW, invite_action
2022/06/26, 11:08:25+09:00:00, C03KXGF1F1R, W015NPXDEAW, invite_action
2022/06/26, 16:30:45+09:00:00, C03MCEN5SF3, W01581ZVDQF, invite_action
2022/06/26, 16:30:45+09:00:00, C03MCEN5SF3, W01581ZVDQF, invite_action
2022/06/26, 16:30:45+09:00:00, C03MCEN5SF3, W01581ZVDQF, invite_action
2022/06/26, 16:59:31+09:00:00, C03HEF9E51U, U03A3USC3MW, invite_action
2022/06/26, 16:59:31+09:00:00, C03HEF9E51U, U03A3USC3MW, invite_action
2022/06/26, 17:12:02+09:00:00, C03KA11PVH7, U03A3USC3MW, invite_action
2022/06/27, 01:23:37+09:00:00, G01797716SF, W0158201HDM, invite_action
2022/06/27, 01:24:14+09:00:00, C03KA11PVH7, W0158201HDM, invite_action
2022/06/27, 01:25:42+09:00:00, C03KWFZTH26, W0158201HDM, invite_action
2022/06/27, 01:28:15+09:00:00, C03HEF9E51U, W0158201HDM, invite_action
2022/06/27, 01:28:30+09:00:00, C03KYUH442G, W0158201HDM, invite_action
2022/06/27, 01:28:50+09:00:00, C03KQB5PA58, W0158201HDM, invite_action
2022/06/27, 01:29:22+09:00:00, C03KGB0FBJT, W0158201HDM, invite_action
2022/06/27, 01:29:37+09:00:00, C03KGEJ7H7H, W0158201HDM, invite_action
2022/06/27, 01:29:49+09:00:00, C03LBG5A7BK, W0158201HDM, invite_action
2022/06/27, 01:30:22+09:00:00, C03KL59RG04, W0158201HDM, invite_action
2022/06/27, 01:30:28+09:00:00, C03L8FV8FUH, W0158201HDM, invite_action
2022/06/27, 01:30:32+09:00:00, C03KV8Y6751, W0158201HDM, invite_action
2022/06/27, 01:31:09+09:00:00, C023H9NR3CJ, W0158201HDM, invite_action
2022/06/27, 01:32:18+09:00:00, C03KXGF1F1R, W0158201HDM, invite_action
2022/06/27, 01:32:33+09:00:00, C03MCEN5SF3, W0158201HDM, invite_action
2022/06/27, 01:43:34+09:00:00, C03KL59RG04, W01581UP0DV, invite_action
2022/06/27, 03:11:28+09:00:00, C03KXGF1F1R, W0161CUHZ9P, invite_action
2022/06/27, 03:11:28+09:00:00, C03KXGF1F1R, W0161CUHZ9P, invite_action
2022/06/27, 03:11:28+09:00:00, C03KXGF1F1R, W0161CUHZ9P, invite_action
2022/06/27, 03:14:27+09:00:00, C03KXGF1F1R, W015G28JCTY, invite_action
2022/06/27, 03:20:29+09:00:00, C03KQB5PA58, W0161CUHZ9P, invite_action
2022/06/27, 03:29:02+09:00:00, C03KQB5PA58, W015UV4J4DA, invite_action
2022/06/27, 03:35:43+09:00:00, C03KYUH442G, W015UV4J4DA, invite_action
2022/06/27, 03:36:15+09:00:00, C03KA11PVH7, W015UV4J4DA, invite_action
2022/06/27, 03:42:34+09:00:00, C03KV8Y6751, W0158212G0P, invite_action
2022/06/27, 03:51:21+09:00:00, C023H9NR3CJ, W015NPKMPRQ, make
2022/06/27, 04:29:53+09:00:00, C03MCEN5SF3, W015821JNSK, invite_action
2022/06/27, 04:29:53+09:00:00, C03MCEN5SF3, W015821JNSK, invite_action
2022/06/27, 04:31:56+09:00:00, C03KXGF1F1R, W015UV4C61J, invite_action
2022/06/27, 04:31:56+09:00:00, C03LBG5A7BK, W015UV4C61J, invite_action
2022/06/27, 06:20:04+09:00:00, C03KV8Y6751, W016CJYEPR6, invite_action
2022/06/27, 06:21:04+09:00:00, C03MCEN5SF3, W015MCTDVJR, invite_action
2022/06/27, 06:21:17+09:00:00, C03KQB5PA58, W015MCTDVJR, invite_action
2022/06/27, 06:21:21+09:00:00, C03KGB0FBJT, W015MCTDVJR, invite_action
2022/06/27, 06:21:23+09:00:00, C03KGEJ7H7H, W015MCTDVJR, invite_action
2022/06/27, 06:21:25+09:00:00, C03LBG5A7BK, W015MCTDVJR, invite_action
2022/06/27, 06:21:27+09:00:00, C03KL59RG04, W015MCTDVJR, invite_action
2022/06/27, 06:21:29+09:00:00, C03L8FV8FUH, W015MCTDVJR, invite_action
2022/06/27, 06:21:31+09:00:00, C03KV8Y6751, W015MCTDVJR, invite_action
2022/06/27, 06:21:42+09:00:00, C03KXGF1F1R, W015MCTDVJR, invite_action
2022/06/27, 06:23:09+09:00:00, C03HEF9E51U, W016CJYEPR6, invite_action
2022/06/27, 07:18:26+09:00:00, C03HEF9E51U, W015MCMBR0D, invite_action
2022/06/27, 07:21:34+09:00:00, C03J9GP553R, W0161CRRVH7, invite_action
2022/06/27, 07:26:24+09:00:00, C03KYUH442G, W015MCMBR0D, invite_action
2022/06/27, 07:28:13+09:00:00, C03LBG5A7BK, W015MCMBR0D, invite_action
2022/06/27, 07:31:55+09:00:00, C03HEF9E51U, W015UV4M55J, invite_action
2022/06/27, 07:32:07+09:00:00, C03MCEN5SF3, W015UV4M55J, invite_action
2022/06/27, 07:40:04+09:00:00, C03KGEJ7H7H, W015MCMBR0D, invite_action
2022/06/27, 07:41:07+09:00:00, C03L8FV8FUH, W015MCMBR0D, invite_action
2022/06/27, 07:41:41+09:00:00, C03KV8Y6751, W015MCMBR0D, invite_action
2022/06/27, 07:42:12+09:00:00, C03KL59RG04, W015MCMBR0D, invite_action
2022/06/27, 08:29:40+09:00:00, G01797716SF, W015NPSJ7V0, invite_action
2022/06/27, 08:29:50+09:00:00, C03KA11PVH7, W015NPSJ7V0, invite_action
2022/06/27, 08:30:08+09:00:00, C03KYUH442G, W015NPSJ7V0, invite_action
2022/06/27, 08:35:58+09:00:00, C03L8FV8FUH, W015NPSJ7V0, invite_action
2022/06/27, 10:25:06+09:00:00, C03KXGF1F1R, W015UV4M55J, invite_action
2022/06/27, 10:25:06+09:00:00, C03L8FV8FUH, W015UV4M55J, invite_action
2022/06/27, 10:25:06+09:00:00, C03KV8Y6751, W015UV4M55J, invite_action
2022/06/27, 10:25:06+09:00:00, C03LBG5A7BK, W015UV4M55J, invite_action
2022/06/27, 10:25:06+09:00:00, C03KGEJ7H7H, W015UV4M55J, invite_action
2022/06/27, 10:25:07+09:00:00, C03KGB0FBJT, W015UV4M55J, invite_action
2022/06/27, 10:25:11+09:00:00, C03KQB5PA58, W015UV4M55J, invite_action
2022/06/27, 10:25:13+09:00:00, C03KYUH442G, W015UV4M55J, invite_action
2022/06/27, 10:26:19+09:00:00, C03KWFZTH26, W015UV4M55J, invite_action
2022/06/27, 10:26:25+09:00:00, C03KA11PVH7, W015UV4M55J, invite_action
2022/06/27, 10:26:28+09:00:00, G01797716SF, W015UV4M55J, invite_action
2022/06/27, 10:26:31+09:00:00, C03J9GP553R, W015UV4M55J, invite_action
2022/06/27, 12:19:07+09:00:00, C03KXGF1F1R, W015MCMHB8D, invite_action
2022/06/27, 12:19:07+09:00:00, C03KXGF1F1R, W015MCMHB8D, invite_action
2022/06/27, 12:20:32+09:00:00, C03MCEN5SF3, W015MCMHB8D, invite_action
2022/06/27, 12:20:53+09:00:00, C03KGB0FBJT, W015MCMHB8D, invite_action
2022/06/27, 12:20:57+09:00:00, C03KQB5PA58, W015MCMHB8D, invite_action
2022/06/27, 12:30:25+09:00:00, C03KYUH442G, W015MCMHB8D, invite_action
2022/06/27, 13:12:35+09:00:00, C03KL59RG04, W015MCPLGLV, invite_action
2022/06/27, 13:14:28+09:00:00, G01797716SF, W015MCPLGLV, invite_action
2022/06/27, 13:15:10+09:00:00, C03KA11PVH7, W015MCPLGLV, invite_action
2022/06/27, 14:21:39+09:00:00, C03KXGF1F1R, W015UV6K8LC, invite_action
2022/06/27, 16:57:25+09:00:00, C03KXGF1F1R, W015MCHNTRT, invite_action
2022/06/27, 16:57:25+09:00:00, C03KXGF1F1R, W015MCHNTRT, invite_action
2022/06/27, 16:57:25+09:00:00, C03KXGF1F1R, W015MCHNTRT, invite_action
2022/06/28, 01:09:02+09:00:00, C03KWFZTH26, W015MCT6HD3, invite_action
2022/06/28, 02:14:49+09:00:00, C03KL59RG04, W01581ZVDQF, invite_action
2022/06/28, 02:48:50+09:00:00, G01797716SF, W015G259F7G, invite_action
2022/06/28, 02:48:50+09:00:00, G01797716SF, W015G259F7G, invite_action
2022/06/28, 03:38:11+09:00:00, C03KYUH442G, W015NPSKWAW, invite_action
2022/06/28, 03:38:11+09:00:00, C03KYUH442G, W015NPSKWAW, invite_action
2022/06/28, 04:37:10+09:00:00, C03J9GP553R, W01581UP0DV, invite_action
2022/06/28, 05:47:14+09:00:00, C03J9GP553R, W015NPS5GUA, invite_action
2022/06/28, 05:47:15+09:00:00, C03J9GP553R, W015NPS5GUA, invite_action
2022/06/28, 05:49:12+09:00:00, C03L8FV8FUH, W015G2B3VCN, invite_action
2022/06/28, 05:56:04+09:00:00, C03KQB5PA58, W015MCM3SG5, invite_action
2022/06/28, 05:56:48+09:00:00, C03KQB5PA58, W015G28JCTY, invite_action
2022/06/28, 05:58:02+09:00:00, C03MCEN5SF3, W015NPS5GUA, invite_action
2022/06/28, 05:58:07+09:00:00, C03KV8Y6751, W015NPS5GUA, invite_action
2022/06/28, 06:00:14+09:00:00, C03KGEJ7H7H, W015NPS5GUA, invite_action
2022/06/28, 06:01:04+09:00:00, C03KA11PVH7, W015NPS5GUA, invite_action
2022/06/28, 06:01:09+09:00:00, G01797716SF, W015NPS5GUA, invite_action
2022/06/28, 06:01:43+09:00:00, C03KYUH442G, W015NPS5GUA, invite_action
2022/06/28, 06:01:56+09:00:00, C03LBG5A7BK, W015NPS5GUA, invite_action
2022/06/28, 06:02:02+09:00:00, C03KGB0FBJT, W015NPS5GUA, invite_action
2022/06/28, 06:02:03+09:00:00, C03KQB5PA58, W015NPS5GUA, invite_action
2022/06/28, 07:21:14+09:00:00, C03KWFZTH26, W015G259F7G, invite_action
2022/06/28, 07:23:33+09:00:00, C03MCEN5SF3, W015UUZQK7W, invite_action
2022/06/28, 07:29:56+09:00:00, C03KXGF1F1R, W015UUZQK7W, invite_action
2022/06/28, 08:10:20+09:00:00, C03KQB5PA58, W016CJXUAGG, invite_action
2022/06/28, 08:10:20+09:00:00, C03KQB5PA58, W016CJXUAGG, invite_action
2022/06/28, 08:41:23+09:00:00, G01797716SF, W015NPKMPRQ, invite_action
2022/06/28, 08:41:23+09:00:00, G01797716SF, W015NPKMPRQ, invite_action
2022/06/28, 10:26:25+09:00:00, G01797716SF, W01581US8MV, invite_action
2022/06/28, 12:17:01+09:00:00, C03L8FV8FUH, W015UV5V3AQ, invite_action
2022/06/28, 12:21:08+09:00:00, C03KYUH442G, W015UV068TW, invite_action
2022/06/28, 15:14:30+09:00:00, C03L8FV8FUH, W015MCMBR0D, invite_action
2022/06/28, 15:14:30+09:00:00, C03L8FV8FUH, W015MCMBR0D, invite_action
2022/06/28, 15:15:48+09:00:00, C03J9GP553R, W015MCMBR0D, invite_action
2022/06/28, 16:22:12+09:00:00, C03KXGF1F1R, W015MCLUYUD, invite_action
2022/06/28, 16:22:12+09:00:00, C03KXGF1F1R, W015MCLUYUD, invite_action
2022/06/28, 16:22:51+09:00:00, C03KV8Y6751, W015MCLUYUD, invite_action
2022/06/28, 16:23:21+09:00:00, G01797716SF, W015MCLUYUD, invite_action
2022/06/28, 16:23:29+09:00:00, C03J9GP553R, W015MCLUYUD, invite_action
2022/06/28, 18:10:59+09:00:00, C03HEF9E51U, W015NPN3DMY, invite_action
2022/06/28, 18:10:59+09:00:00, C03HEF9E51U, W015NPN3DMY, invite_action
2022/06/28, 22:34:48+09:00:00, C03KQB5PA58, W015G25MS7Q, invite_action
2022/06/29, 00:01:16+09:00:00, C03L8FV8FUH, W015UV0TTFE, invite_action
2022/06/29, 00:27:18+09:00:00, C03L8FV8FUH, W015MCM4TT7, invite_action
2022/06/29, 01:43:32+09:00:00, C03KXGF1F1R, W015820D2AK, invite_action
2022/06/29, 01:43:35+09:00:00, C03MCEN5SF3, W015820D2AK, invite_action
2022/06/29, 02:25:56+09:00:00, C03KXGF1F1R, W015820LR0F, invite_action